[2025-08-17T15:57:34+03:30] POST=Array
(
    [addvps] => 1
    [virt] => kvm
    [uid] => 6
    [hostname] => test.com
    [rootpass] => BM3b3fe#z3J#0M
    [ram] => 2048
    [bandwidth] => 0
    [cores] => 2
    [space] => Array
        (
            [0] => 30
        )

    [num_ips] => 1
)

RES=Array
(
    [title] => Add Virtual Server
    [ips] => Array
        (
            [2] => Array
                (
                    [ipid] => 2
                    [ippid] => 1
                    [ip_serid] => 0
                    [vpsid] => 0
                    [ip] => 89.47.201.228
                    [ipv6] => 0
                    [ipr_netmask] => 
                    [primary] => 0
                    [ipr_ips] => 
                    [mac_addr] => 
                    [locked] => 0
                    [note] => 
                )

            [3] => Array
                (
                    [ipid] => 3
                    [ippid] => 1
                    [ip_serid] => 0
                    [vpsid] => 0
                    [ip] => 89.47.201.229
                    [ipv6] => 0
                    [ipr_netmask] => 
                    [primary] => 0
                    [ipr_ips] => 
                    [mac_addr] => 
                    [locked] => 0
                    [note] => 
                )

            [5] => Array
                (
                    [ipid] => 5
                    [ippid] => 1
                    [ip_serid] => 0
                    [vpsid] => 0
                    [ip] => 89.47.201.231
                    [ipv6] => 0
                    [ipr_netmask] => 
                    [primary] => 0
                    [ipr_ips] => 
                    [mac_addr] => 
                    [locked] => 0
                    [note] => 
                )

            [10] => Array
                (
                    [ipid] => 10
                    [ippid] => 1
                    [ip_serid] => 0
                    [vpsid] => 0
                    [ip] => 89.47.201.236
                    [ipv6] => 0
                    [ipr_netmask] => 
                    [primary] => 0
                    [ipr_ips] => 
                    [mac_addr] => 
                    [locked] => 0
                    [note] => 
                )

            [11] => Array
                (
                    [ipid] => 11
                    [ippid] => 1
                    [ip_serid] => 0
                    [vpsid] => 0
                    [ip] => 89.47.201.237
                    [ipv6] => 0
                    [ipr_netmask] => 
                    [primary] => 0
                    [ipr_ips] => 
                    [mac_addr] => 
                    [locked] => 0
                    [note] => 
                )

            [17] => Array
                (
                    [ipid] => 17
                    [ippid] => 1
                    [ip_serid] => 0
                    [vpsid] => 0
                    [ip] => 89.47.201.243
                    [ipv6] => 0
                    [ipr_netmask] => 
                    [primary] => 0
                    [ipr_ips] => 
                    [mac_addr] => 
                    [locked] => 0
                    [note] => 
                )

            [19] => Array
                (
                    [ipid] => 19
                    [ippid] => 1
                    [ip_serid] => 0
                    [vpsid] => 0
                    [ip] => 89.47.201.245
                    [ipv6] => 0
                    [ipr_netmask] => 
                    [primary] => 0
                    [ipr_ips] => 
                    [mac_addr] => 
                    [locked] => 0
                    [note] => 
                )

            [20] => Array
                (
                    [ipid] => 20
                    [ippid] => 1
                    [ip_serid] => 0
                    [vpsid] => 0
                    [ip] => 89.47.201.246
                    [ipv6] => 0
                    [ipr_netmask] => 
                    [primary] => 0
                    [ipr_ips] => 
                    [mac_addr] => 
                    [locked] => 0
                    [note] => 
                )

        )

    [ips6] => Array
        (
        )

    [ips6_subnet] => Array
        (
        )

    [ips_int] => Array
        (
        )

    [globals] => Array
        (
            [cookie_name] => SIMCookies7334
        )

    [servers] => Array
        (
            [0] => Array
                (
                    [serid] => 0
                    [sgid] => 0
                    [server_name] => localhost
                    [virt] => kvm
                    [ip] => 127.0.0.1
                    [internal_ip] => 
                    [vnc_ip] => 
                    [settings] => a:43:{s:17:"novnc_server_name";i:0;s:6:"cpu_nm";i:1;s:10:"soft_email";s:26:"stephanwalter996@gmail.com";s:8:"timezone";s:11:"Asia/Tehran";s:9:"interface";s:6:"ens1f0";s:16:"alert_load_limit";i:0;s:16:"alert_disk_limit";i:0;s:7:"ping_ip";s:0:"";s:14:"addvs_cpu_prio";s:0:"";s:13:"addvs_io_prio";s:0:"";s:14:"addvs_io_class";s:0:"";s:14:"node_bandwidth";i:0;s:20:"del_slave_ostemplate";i:0;s:19:"openvz_suspend_load";d:0;s:20:"keep_orphan_template";i:1;s:14:"haproxy_enable";i:0;s:21:"haproxy_reservedports";s:0:"";s:26:"haproxy_reservedports_http";s:6:"80,443";s:20:"haproxy_allowedports";s:0:"";s:17:"speed_cap_disable";i:0;s:15:"disable_virttop";i:0;s:20:"disable_virtsparsify";i:0;s:23:"disable_slave_db_backup";i:0;s:18:"set_vps_config_mtu";i:0;s:12:"memory_limit";s:4:"128M";s:22:"temporary_st_directory";s:0:"";s:19:"disable_guest_agent";i:0;s:9:"cron_time";s:10:"5 22 * * *";s:14:"emps_cron_time";s:13:"3 13 1,16 * *";s:11:"cookie_name";s:14:"SIMCookies7334";s:8:"vpslimit";s:0:"";s:10:"overcommit";i:0;s:6:"vnc_ip";s:0:"";s:15:"change_ssh_port";i:0;s:13:"max_ssh_login";i:0;s:6:"vcores";i:0;s:17:"disable_nw_config";i:0;s:15:"haproxy_src_ips";s:13:"89.47.201.226";s:19:"server_country_code";s:2:"IR";s:12:"server_state";s:0:"";s:11:"server_city";s:0:"";s:13:"bw_cal_config";i:1;s:18:"drop_arp_broadcast";i:0;}
                    [unique_txt] => 
                    [lv] => 
                    [hvm] => 0
                    [licnumvs] => 0
                    [total_ram] => 128767
                    [overcommit] => 0
                    [ram] => 77053
                    [total_space] => 887
                    [space] => 669
                    [os] => Ubuntu 24.04.2 LTS
                    [os_arch] => x86_64
                    [uname] => Linux user 6.8.0-53-generic #55-Ubuntu SMP PREEMPT_DYNAMIC Fri Jan 17 15:37:52 UTC 2025 x86_64 x86_64 x86_64 GNU/Linux
                    [version] => 3.2.5
                    [patch] => 7
                    [lic_expires] => 04/09/2025 GMT
                    [checked] => 1755433541
                    [locked] => 
                    [vcores] => 67
                    [ips] => 8
                    [ipv6] => 0
                    [ipv6_subnet] => 0
                    [ips_int] => 0
                    [bandwidth] => 0
                    [update_resource] => 0
                    [location] => {"country_code":"IR","state":"","city":""}
                    [status] => 1
                    [last_reverse_sync] => 0
                    [ha_master] => 0
                    [sys_load] => 8.52
                    [fwid] => 0
                    [data] => {"resource":{"disk":{"percent":25,"percent_free":75},"cpu":{"percent":19,"percent_free":81},"ram":{"percent":41,"percent_free":59},"uptime":" 12:01:01 up 46 days,  8:28,  0 user,  load average: 4.97, 5.48, 5.35","io":{"avg_cpu":{"user":6.70000000000000017763568394002504646778106689453125,"nice":0,"system":5.6500000000000003552713678800500929355621337890625,"iowait":0.9899999999999999911182158029987476766109466552734375,"steal":0,"idle":86.659999999999996589394868351519107818603515625}}}}
                    [numvps] => 23
                    [alloc_ram] => 63488
                    [alloc_space] => 235
                    [alloc_cpu] => 42000
                    [alloc_cpu_percent] => 1110.00
                    [alloc_bandwidth] => 38406
                    [virts] => Array
                        (
                            [0] => kvm
                        )

                )

        )

    [plans] => Array
        (
            [0] => Array
                (
                    [plid] => 0
                    [plan_name] => None
                    [virt] => 
                    [ips] => 
                    [ips6] => 
                    [ips6_subnet] => 
                    [ips_int] => 
                    [space] => 
                    [inodes] => 
                    [ram] => 
                    [burst] => 
                    [swap] => 
                    [cpu] => 
                    [cores] => 
                    [cpu_percent] => 
                    [bandwidth] => 
                    [network_speed] => 
                    [upload_speed] => 
                    [nic_type] => 
                    [io] => 
                    [virtio] => 
                    [ubc] => 
                    [ploop] => 
                    [band_suspend] => 
                    [dns_nameserver] => 
                    [ppp] => 
                    [tuntap] => 
                    [control_panel] => 
                    [mgs] => 
                    [cpu_mode] => 
                    [sec_iso] => 
                    [hvm] => 
                    [kvm_cache] => 
                    [io_mode] => 
                    [osreinstall_limit] => 
                    [total_iops_sec] => 
                    [read_bytes_sec] => 
                    [write_bytes_sec] => 
                    [vnc_keymap] => 
                    [osid] => 
                    [kvm_vga] => 
                    [acceleration] => 
                    [vif_type] => 
                    [pv_on_hvm] => 
                    [iso] => 
                    [vnc] => 
                    [admin_managed] => 
                    [shadow] => 
                    [acpi] => 
                    [apic] => 
                    [pae] => 
                    [recipe] => 
                    [topology_sockets] => 
                    [topology_cores] => 
                    [topology_threads] => 
                    [disable_nw_config] => 
                    [rdp] => 
                    [openvz_features] => 
                    [speed_cap] => 
                    [numa] => 
                    [bpid] => 
                    [install_xentools] => 
                    [ippoolid] => 
                    [is_enabled] => 
                    [bus_driver] => 
                    [bus_driver_num] => 
                    [webuzo_data] => 
                    [load_balancer] => 
                    [fwid] => 
                    [data] => 
                )

            [2] => Array
                (
                    [plid] => 2
                    [plan_name] => 2Core2GRAM
                    [virt] => kvm
                    [ips] => 1
                    [ips6] => 0
                    [ips6_subnet] => 0
                    [ips_int] => 0
                    [space] => 10.000
                    [inodes] => 0
                    [ram] => 2048
                    [burst] => 0
                    [swap] => 200
                    [cpu] => 1500
                    [cores] => 2
                    [cpu_percent] => 45.00
                    [bandwidth] => 100
                    [network_speed] => 0
                    [upload_speed] => -1
                    [nic_type] => virtio
                    [io] => 0
                    [virtio] => 1
                    [ubc] => a:0:{}
                    [ploop] => 0
                    [band_suspend] => 1
                    [dns_nameserver] => a:2:{i:0;s:7:"8.8.8.8";i:1;s:7:"8.8.4.4";}
                    [ppp] => 0
                    [tuntap] => 0
                    [control_panel] => 0
                    [mgs] => 
                    [cpu_mode] => default
                    [sec_iso] => 
                    [hvm] => 0
                    [kvm_cache] => 0
                    [io_mode] => 0
                    [osreinstall_limit] => 0
                    [total_iops_sec] => 0
                    [read_bytes_sec] => 0
                    [write_bytes_sec] => 0
                    [vnc_keymap] => en-us
                    [osid] => 1108
                    [kvm_vga] => 0
                    [acceleration] => 0
                    [vif_type] => 
                    [pv_on_hvm] => 0
                    [iso] => 
                    [vnc] => 1
                    [admin_managed] => 0
                    [shadow] => 0
                    [acpi] => 1
                    [apic] => 1
                    [pae] => 1
                    [recipe] => 
                    [topology_sockets] => 0
                    [topology_cores] => 0
                    [topology_threads] => 0
                    [disable_nw_config] => 0
                    [rdp] => 0
                    [openvz_features] => 
                    [speed_cap] => 
                    [numa] => 0
                    [bpid] => 0
                    [install_xentools] => 0
                    [ippoolid] => a:1:{i:0;s:1:"1";}
                    [is_enabled] => 1
                    [bus_driver] => 
                    [bus_driver_num] => 0
                    [webuzo_data] => 0
                    [load_balancer] => 0
                    [fwid] => 0
                    [data] => {"os_type":0,"rtc":0,"unprivileged":0,"nested_virt":0,"vga_vram":0,"ha":0,"discard":0,"vlan_tag":0,"disable_guest_agent":0,"ssd_emulation":0,"custom_cpu_model":"","machine_type":0,"disable_password":0,"bios":"seabios","enable_tpm":0,"min_ram":0,"vga":0,"vga_memory":0,"scsi_controller":0,"cpu_flags":0,"enable_cpu_threshold":0,"cpu_threshold":0,"cpu_threshold_time":0,"demo":0,"disable_autostart":0,"iothread":0,"nesting":0,"enable_ver_scaling":0,"ver_max_ram":0,"ver_ram_threshold":0,"ver_ram_inc_by":0,"ver_max_cpu":0,"ver_cpu_threshold":0,"ver_cpu_inc_by":0}
                )

            [1] => Array
                (
                    [plid] => 1
                    [plan_name] => 3Core3GRAM
                    [virt] => kvm
                    [ips] => 1
                    [ips6] => 0
                    [ips6_subnet] => 0
                    [ips_int] => 0
                    [space] => 10.000
                    [inodes] => 0
                    [ram] => 3072
                    [burst] => 0
                    [swap] => 200
                    [cpu] => 2000
                    [cores] => 3
                    [cpu_percent] => 50.00
                    [bandwidth] => 100
                    [network_speed] => 0
                    [upload_speed] => -1
                    [nic_type] => virtio
                    [io] => 0
                    [virtio] => 1
                    [ubc] => a:0:{}
                    [ploop] => 0
                    [band_suspend] => 1
                    [dns_nameserver] => a:2:{i:0;s:7:"8.8.8.8";i:1;s:7:"8.8.4.4";}
                    [ppp] => 0
                    [tuntap] => 0
                    [control_panel] => 0
                    [mgs] => 
                    [cpu_mode] => default
                    [sec_iso] => 
                    [hvm] => 0
                    [kvm_cache] => 0
                    [io_mode] => 0
                    [osreinstall_limit] => 0
                    [total_iops_sec] => 0
                    [read_bytes_sec] => 0
                    [write_bytes_sec] => 0
                    [vnc_keymap] => en-us
                    [osid] => 1108
                    [kvm_vga] => 0
                    [acceleration] => 0
                    [vif_type] => 
                    [pv_on_hvm] => 0
                    [iso] => 
                    [vnc] => 1
                    [admin_managed] => 0
                    [shadow] => 0
                    [acpi] => 1
                    [apic] => 1
                    [pae] => 1
                    [recipe] => 
                    [topology_sockets] => 0
                    [topology_cores] => 0
                    [topology_threads] => 0
                    [disable_nw_config] => 0
                    [rdp] => 0
                    [openvz_features] => 
                    [speed_cap] => 
                    [numa] => 0
                    [bpid] => 0
                    [install_xentools] => 0
                    [ippoolid] => a:1:{i:0;s:1:"1";}
                    [is_enabled] => 1
                    [bus_driver] => 
                    [bus_driver_num] => 0
                    [webuzo_data] => 0
                    [load_balancer] => 0
                    [fwid] => 0
                    [data] => {"os_type":0,"rtc":0,"unprivileged":0,"nested_virt":0,"vga_vram":0,"ha":0,"discard":0,"vlan_tag":0,"disable_guest_agent":0,"ssd_emulation":0,"custom_cpu_model":"","machine_type":0,"disable_password":0,"bios":"seabios","enable_tpm":0,"min_ram":0,"vga":0,"vga_memory":0,"scsi_controller":0,"cpu_flags":0,"enable_cpu_threshold":0,"cpu_threshold":0,"cpu_threshold_time":0,"demo":0,"disable_autostart":0,"iothread":0,"nesting":0,"enable_ver_scaling":0,"ver_max_ram":0,"ver_ram_threshold":0,"ver_ram_inc_by":0,"ver_max_cpu":0,"ver_cpu_threshold":0,"ver_cpu_inc_by":0}
                )

        )

    [ipools] => 
    [users] => Array
        (
            [1] => Array
                (
                    [uid] => 1
                    [email] => 7onetrading@gmail.com
                    [pid] => 0
                    [inhouse_billing] => 0
                )

            [2] => Array
                (
                    [uid] => 2
                    [email] => mahanoptical@gmail.com
                    [pid] => 0
                    [inhouse_billing] => 0
                )

            [3] => Array
                (
                    [uid] => 3
                    [email] => mohammadbadi830@gmail.com
                    [pid] => 0
                    [inhouse_billing] => 0
                )

            [7] => Array
                (
                    [uid] => 7
                    [email] => odin84842424@gmail.com
                    [pid] => 0
                    [inhouse_billing] => 0
                )

            [8] => Array
                (
                    [uid] => 8
                    [email] => rexvpn@gmail.com
                    [pid] => 0
                    [inhouse_billing] => 0
                )

            [4] => Array
                (
                    [uid] => 4
                    [email] => Saeedvip228@gmail.com
                    [pid] => 0
                    [inhouse_billing] => 0
                )

            [6] => Array
                (
                    [uid] => 6
                    [email] => thadbarajas@gmail.com
                    [pid] => 0
                    [inhouse_billing] => 0
                )

            [5] => Array
                (
                    [uid] => 5
                    [email] => toornpv@gmail.com
                    [pid] => 0
                    [inhouse_billing] => 0
                )

        )

    [isos] => Array
        (
        )

    [_virt] => kvm
    [virt] => kvm
    [hvm] => 
    [node_selected] => 
    [ns_server_filtered] => 
    [newvs] => 
    [oses] => Array
        (
            [945] => Array
                (
                    [osid] => 945
                    [type] => proxk
                    [name] => centos-8.2-x86_64
                    [filename] => centos-8.2-x86_64.img
                    [size] => 2000683008
                    [pygrub] => 0
                    [drive] => 
                    [hvm] => 0
                    [perf_ops] => 1
                    [active] => 1
                    [url] => http://files.virtualizor.com/ostemplates.php?osid=945
                    [distro] => centos
                    [Nvirt] => proxk
                )

            [944] => Array
                (
                    [osid] => 944
                    [type] => vzk
                    [name] => centos-8.2-x86_64
                    [filename] => centos-8.2-x86_64.img
                    [size] => 2000683008
                    [pygrub] => 0
                    [drive] => 
                    [hvm] => 0
                    [perf_ops] => 1
                    [active] => 1
                    [url] => http://files.virtualizor.com/ostemplates.php?osid=944
                    [distro] => centos
                    [Nvirt] => vzk
                )

            [117] => Array
                (
                    [osid] => 117
                    [type] => openvz
                    [name] => centos-6-x86_64
                    [filename] => centos-6-x86_64.tar.gz
                    [size] => 229692743
                    [pygrub] => 0
                    [drive] => 
                    [hvm] => 0
                    [perf_ops] => 0
                    [active] => 1
                    [url] => http://files.virtualizor.com/ostemplates.php?osid=117
                    [distro] => centos
                    [Nvirt] => openvz
                )

            [1163] => Array
                (
                    [osid] => 1163
                    [type] => proxk
                    [name] => centos-9.6-x86_64
                    [filename] => centos-9.6-x86_64.qcow2
                    [size] => 1499640320
                    [pygrub] => 0
                    [drive] => 
                    [hvm] => 0
                    [perf_ops] => 1
                    [active] => 1
                    [url] => http://files.virtualizor.com/ostemplates.php?osid=1163
                    [distro] => centos
                    [Nvirt] => proxk
                )

            [1162] => Array
                (
                    [osid] => 1162
                    [type] => vzk
                    [name] => centos-9.6-x86_64
                    [filename] => centos-9.6-x86_64.qcow2
                    [size] => 1499640320
                    [pygrub] => 0
                    [drive] => 
                    [hvm] => 0
                    [perf_ops] => 1
                    [active] => 1
                    [url] => http://files.virtualizor.com/ostemplates.php?osid=1162
                    [distro] => centos
                    [Nvirt] => vzk
                )

            [1159] => Array
                (
                    [osid] => 1159
                    [type] => vzk
                    [name] => almalinux-9.6-x86_64
                    [filename] => almalinux-9.6-x86_64.qcow2
                    [size] => 1091092480
                    [pygrub] => 0
                    [drive] => 
                    [hvm] => 0
                    [perf_ops] => 1
                    [active] => 1
                    [url] => http://files.virtualizor.com/ostemplates.php?osid=1159
                    [distro] => almalinux
                    [Nvirt] => vzk
                )

            [1160] => Array
                (
                    [osid] => 1160
                    [type] => proxk
                    [name] => almalinux-9.6-x86_64
                    [filename] => almalinux-9.6-x86_64.qcow2
                    [size] => 1091092480
                    [pygrub] => 0
                    [drive] => 
                    [hvm] => 0
                    [perf_ops] => 1
                    [active] => 1
                    [url] => http://files.virtualizor.com/ostemplates.php?osid=1160
                    [distro] => almalinux
                    [Nvirt] => proxk
                )

            [1161] => Array
                (
                    [osid] => 1161
                    [type] => kvm
                    [name] => centos-9.6-x86_64
                    [filename] => centos-9.6-x86_64.qcow2
                    [size] => 1499640320
                    [pygrub] => 0
                    [drive] => 
                    [hvm] => 0
                    [perf_ops] => 1
                    [active] => 1
                    [url] => http://files.virtualizor.com/ostemplates.php?osid=1161
                    [distro] => centos
                    [Nvirt] => kvm
                )

            [1113] => Array
                (
                    [osid] => 1113
                    [type] => kvm
                    [name] => almalinux-9.4-x86_64
                    [filename] => almalinux-9.4-x86_64.img
                    [size] => 2621440000
                    [pygrub] => 0
                    [drive] => 
                    [hvm] => 0
                    [perf_ops] => 1
                    [active] => 1
                    [url] => http://files.virtualizor.com/ostemplates.php?osid=1113
                    [distro] => almalinux
                    [Nvirt] => kvm
                )

            [1112] => Array
                (
                    [osid] => 1112
                    [type] => xen
                    [name] => ubuntu-24.04-x86_64
                    [filename] => ubuntu-24.04-x86_64.img
                    [size] => 2793406464
                    [pygrub] => 0
                    [drive] => 
                    [hvm] => 1
                    [perf_ops] => 1
                    [active] => 1
                    [url] => http://files.virtualizor.com/ostemplates.php?osid=1112
                    [distro] => ubuntu
                    [Nvirt] => xenhvm
                )

            [265] => Array
                (
                    [osid] => 265
                    [type] => kvm
                    [name] => suse-13.1-x86_64
                    [filename] => suse-13.1-x86_64.img
                    [size] => 2147483648
                    [pygrub] => 0
                    [drive] => 
                    [hvm] => 0
                    [perf_ops] => 1
                    [active] => 1
                    [url] => http://files.virtualizor.com/ostemplates.php?osid=265
                    [distro] => suse
                    [Nvirt] => kvm
                )

            [266] => Array
                (
                    [osid] => 266
                    [type] => xen
                    [name] => suse-13.1-x86_64
                    [filename] => suse-13.1-x86_64.img
                    [size] => 2147483648
                    [pygrub] => 0
                    [drive] => 
                    [hvm] => 1
                    [perf_ops] => 1
                    [active] => 1
                    [url] => http://files.virtualizor.com/ostemplates.php?osid=266
                    [distro] => suse
                    [Nvirt] => xenhvm
                )

            [1102] => Array
                (
                    [osid] => 1102
                    [type] => proxk
                    [name] => centos-8.9-x86_64
                    [filename] => centos-8.9-x86_64.img
                    [size] => 4244668416
                    [pygrub] => 0
                    [drive] => 
                    [hvm] => 0
                    [perf_ops] => 1
                    [active] => 1
                    [url] => http://files.virtualizor.com/ostemplates.php?osid=1102
                    [distro] => centos
                    [Nvirt] => proxk
                )

            [1085] => Array
                (
                    [osid] => 1085
                    [type] => vzk
                    [name] => oracle-9.3-x86_64
                    [filename] => oracle-9.3-x86_64.img
                    [size] => 3758096384
                    [pygrub] => 0
                    [drive] => 
                    [hvm] => 0
                    [perf_ops] => 1
                    [active] => 1
                    [url] => http://files.virtualizor.com/ostemplates.php?osid=1085
                    [distro] => oracle
                    [Nvirt] => vzk
                )

            [1086] => Array
                (
                    [osid] => 1086
                    [type] => proxk
                    [name] => oracle-9.3-x86_64
                    [filename] => oracle-9.3-x86_64.img
                    [size] => 3758096384
                    [pygrub] => 0
                    [drive] => 
                    [hvm] => 0
                    [perf_ops] => 1
                    [active] => 1
                    [url] => http://files.virtualizor.com/ostemplates.php?osid=1086
                    [distro] => oracle
                    [Nvirt] => proxk
                )

            [1087] => Array
                (
                    [osid] => 1087
                    [type] => kvm
                    [name] => oracle-8.9-x86_64
                    [filename] => oracle-8.9-x86_64.img
                    [size] => 4726980608
                    [pygrub] => 0
                    [drive] => 
                    [hvm] => 0
                    [perf_ops] => 1
                    [active] => 1
                    [url] => http://files.virtualizor.com/ostemplates.php?osid=1087
                    [distro] => oracle
                    [Nvirt] => kvm
                )

            [1088] => Array
                (
                    [osid] => 1088
                    [type] => vzk
                    [name] => oracle-8.9-x86_64
                    [filename] => oracle-8.9-x86_64.img
                    [size] => 4726980608
                    [pygrub] => 0
                    [drive] => 
                    [hvm] => 0
                    [perf_ops] => 1
                    [active] => 1
                    [url] => http://files.virtualizor.com/ostemplates.php?osid=1088
                    [distro] => oracle
                    [Nvirt] => vzk
                )

            [1089] => Array
                (
                    [osid] => 1089
                    [type] => proxk
                    [name] => oracle-8.9-x86_64
                    [filename] => oracle-8.9-x86_64.img
                    [size] => 4726980608
                    [pygrub] => 0
                    [drive] => 
                    [hvm] => 0
                    [perf_ops] => 1
                    [active] => 1
                    [url] => http://files.virtualizor.com/ostemplates.php?osid=1089
                    [distro] => oracle
                    [Nvirt] => proxk
                )

            [1091] => Array
                (
                    [osid] => 1091
                    [type] => vzo
                    [name] => debian-12-x86_64
                    [filename] => debian-12-x86_64.tar.gz
                    [size] => 282886665
                    [pygrub] => 0
                    [drive] => 
                    [hvm] => 0
                    [perf_ops] => 0
                    [active] => 1
                    [url] => http://files.virtualizor.com/ostemplates.php?osid=1091
                    [distro] => debian
                    [Nvirt] => vzo
                )

            [1092] => Array
                (
                    [osid] => 1092
                    [type] => lxc
                    [name] => almalinux-9.3-x86_64
                    [filename] => almalinux-9.3-x86_64.tar.gz
                    [size] => 178506952
                    [pygrub] => 0
                    [drive] => 
                    [hvm] => 0
                    [perf_ops] => 0
                    [active] => 1
                    [url] => http://files.virtualizor.com/ostemplates.php?osid=1092
                    [distro] => almalinux
                    [Nvirt] => lxc
                )

            [1093] => Array
                (
                    [osid] => 1093
                    [type] => lxc
                    [name] => almalinux-8.9-x86_64
                    [filename] => almalinux-8.9-x86_64.tar.gz
                    [size] => 240982371
                    [pygrub] => 0
                    [drive] => 
                    [hvm] => 0
                    [perf_ops] => 0
                    [active] => 1
                    [url] => http://files.virtualizor.com/ostemplates.php?osid=1093
                    [distro] => almalinux
                    [Nvirt] => lxc
                )

            [1094] => Array
                (
                    [osid] => 1094
                    [type] => lxc
                    [name] => debian-12.0-x86_64
                    [filename] => debian-12.0-x86_64.tar.gz
                    [size] => 216926020
                    [pygrub] => 0
                    [drive] => 
                    [hvm] => 0
                    [perf_ops] => 0
                    [active] => 1
                    [url] => http://files.virtualizor.com/ostemplates.php?osid=1094
                    [distro] => debian
                    [Nvirt] => lxc
                )

            [1095] => Array
                (
                    [osid] => 1095
                    [type] => lxc
                    [name] => rocky-8.9-x86_64
                    [filename] => rocky-8.9-x86_64.tar.gz
                    [size] => 258003046
                    [pygrub] => 0
                    [drive] => 
                    [hvm] => 0
                    [perf_ops] => 0
                    [active] => 1
                    [url] => http://files.virtualizor.com/ostemplates.php?osid=1095
                    [distro] => rocky
                    [Nvirt] => lxc
                )

            [1096] => Array
                (
                    [osid] => 1096
                    [type] => lxc
                    [name] => rocky-9.3-x86_64
                    [filename] => rocky-9.3-x86_64.tar.gz
                    [size] => 181172044
                    [pygrub] => 0
                    [drive] => 
                    [hvm] => 0
                    [perf_ops] => 0
                    [active] => 1
                    [url] => http://files.virtualizor.com/ostemplates.php?osid=1096
                    [distro] => rocky
                    [Nvirt] => lxc
                )

            [1097] => Array
                (
                    [osid] => 1097
                    [type] => kvm
                    [name] => centos-9.3-x86_64
                    [filename] => centos-9.3-x86_64.img
                    [size] => 2655044106
                    [pygrub] => 0
                    [drive] => 
                    [hvm] => 0
                    [perf_ops] => 1
                    [active] => 1
                    [url] => http://files.virtualizor.com/ostemplates.php?osid=1097
                    [distro] => centos
                    [Nvirt] => kvm
                )

            [1098] => Array
                (
                    [osid] => 1098
                    [type] => vzk
                    [name] => centos-9.3-x86_64
                    [filename] => centos-9.3-x86_64.img
                    [size] => 2655044106
                    [pygrub] => 0
                    [drive] => 
                    [hvm] => 0
                    [perf_ops] => 1
                    [active] => 1
                    [url] => http://files.virtualizor.com/ostemplates.php?osid=1098
                    [distro] => centos
                    [Nvirt] => vzk
                )

            [330] => Array
                (
                    [osid] => 330
                    [type] => openvz
                    [name] => centos-7-x86_64
                    [filename] => centos-7-x86_64.tar.gz
                    [size] => 221756916
                    [pygrub] => 0
                    [drive] => 
                    [hvm] => 0
                    [perf_ops] => 0
                    [active] => 1
                    [url] => http://files.virtualizor.com/ostemplates.php?osid=330
                    [distro] => centos
                    [Nvirt] => openvz
                )

            [363] => Array
                (
                    [osid] => 363
                    [type] => openvz
                    [name] => centos-7-x86_64-minimal
                    [filename] => centos-7-x86_64-minimal.tar.gz
                    [size] => 145762586
                    [pygrub] => 0
                    [drive] => 
                    [hvm] => 0
                    [perf_ops] => 0
                    [active] => 1
                    [url] => http://files.virtualizor.com/ostemplates.php?osid=363
                    [distro] => centos
                    [Nvirt] => openvz
                )

            [1100] => Array
                (
                    [osid] => 1100
                    [type] => kvm
                    [name] => centos-8.9-x86_64
                    [filename] => centos-8.9-x86_64.img
                    [size] => 4244668416
                    [pygrub] => 0
                    [drive] => 
                    [hvm] => 0
                    [perf_ops] => 1
                    [active] => 1
                    [url] => http://files.virtualizor.com/ostemplates.php?osid=1100
                    [distro] => centos
                    [Nvirt] => kvm
                )

            [1082] => Array
                (
                    [osid] => 1082
                    [type] => vzk
                    [name] => almalinux-8.9-x86_64
                    [filename] => almalinux-8.9-x86_64.img
                    [size] => 4005560320
                    [pygrub] => 0
                    [drive] => 
                    [hvm] => 0
                    [perf_ops] => 1
                    [active] => 1
                    [url] => http://files.virtualizor.com/ostemplates.php?osid=1082
                    [distro] => almalinux
                    [Nvirt] => vzk
                )

            [1083] => Array
                (
                    [osid] => 1083
                    [type] => proxk
                    [name] => almalinux-8.9-x86_64
                    [filename] => almalinux-8.9-x86_64.img
                    [size] => 4005560320
                    [pygrub] => 0
                    [drive] => 
                    [hvm] => 0
                    [perf_ops] => 1
                    [active] => 1
                    [url] => http://files.virtualizor.com/ostemplates.php?osid=1083
                    [distro] => almalinux
                    [Nvirt] => proxk
                )

            [1084] => Array
                (
                    [osid] => 1084
                    [type] => kvm
                    [name] => oracle-9.3-x86_64
                    [filename] => oracle-9.3-x86_64.img
                    [size] => 3758096384
                    [pygrub] => 0
                    [drive] => 
                    [hvm] => 0
                    [perf_ops] => 1
                    [active] => 1
                    [url] => http://files.virtualizor.com/ostemplates.php?osid=1084
                    [distro] => oracle
                    [Nvirt] => kvm
                )

            [943] => Array
                (
                    [osid] => 943
                    [type] => kvm
                    [name] => centos-8.2-x86_64
                    [filename] => centos-8.2-x86_64.img
                    [size] => 2000683008
                    [pygrub] => 0
                    [drive] => 
                    [hvm] => 0
                    [perf_ops] => 1
                    [active] => 1
                    [url] => http://files.virtualizor.com/ostemplates.php?osid=943
                    [distro] => centos
                    [Nvirt] => kvm
                )

            [1067] => Array
                (
                    [osid] => 1067
                    [type] => vzk
                    [name] => oracle-8.8-x86_64
                    [filename] => oracle-8.8-x86_64.img
                    [size] => 4135600640
                    [pygrub] => 0
                    [drive] => 
                    [hvm] => 0
                    [perf_ops] => 1
                    [active] => 1
                    [url] => http://files.virtualizor.com/ostemplates.php?osid=1067
                    [distro] => oracle
                    [Nvirt] => vzk
                )

            [1068] => Array
                (
                    [osid] => 1068
                    [type] => proxk
                    [name] => oracle-8.8-x86_64
                    [filename] => oracle-8.8-x86_64.img
                    [size] => 4135600640
                    [pygrub] => 0
                    [drive] => 
                    [hvm] => 0
                    [perf_ops] => 1
                    [active] => 1
                    [url] => http://files.virtualizor.com/ostemplates.php?osid=1068
                    [distro] => oracle
                    [Nvirt] => proxk
                )

            [1066] => Array
                (
                    [osid] => 1066
                    [type] => kvm
                    [name] => oracle-8.8-x86_64
                    [filename] => oracle-8.8-x86_64.img
                    [size] => 4135600640
                    [pygrub] => 0
                    [drive] => 
                    [hvm] => 0
                    [perf_ops] => 1
                    [active] => 1
                    [url] => http://files.virtualizor.com/ostemplates.php?osid=1066
                    [distro] => oracle
                    [Nvirt] => kvm
                )

            [1063] => Array
                (
                    [osid] => 1063
                    [type] => kvm
                    [name] => almalinux-8.8-x86_64
                    [filename] => almalinux-8.8-x86_64.img
                    [size] => 3879731200
                    [pygrub] => 0
                    [drive] => 
                    [hvm] => 0
                    [perf_ops] => 1
                    [active] => 1
                    [url] => http://files.virtualizor.com/ostemplates.php?osid=1063
                    [distro] => almalinux
                    [Nvirt] => kvm
                )

            [1064] => Array
                (
                    [osid] => 1064
                    [type] => vzk
                    [name] => almalinux-8.8-x86_64
                    [filename] => almalinux-8.8-x86_64.img
                    [size] => 3879731200
                    [pygrub] => 0
                    [drive] => 
                    [hvm] => 0
                    [perf_ops] => 1
                    [active] => 1
                    [url] => http://files.virtualizor.com/ostemplates.php?osid=1064
                    [distro] => almalinux
                    [Nvirt] => vzk
                )

            [1140] => Array
                (
                    [osid] => 1140
                    [type] => proxk
                    [name] => almalinux-9.5-x86_64
                    [filename] => almalinux-9.5-x86_64.qcow2
                    [size] => 1044861952
                    [pygrub] => 0
                    [drive] => 
                    [hvm] => 0
                    [perf_ops] => 1
                    [active] => 1
                    [url] => http://files.virtualizor.com/ostemplates.php?osid=1140
                    [distro] => almalinux
                    [Nvirt] => proxk
                )

            [1139] => Array
                (
                    [osid] => 1139
                    [type] => vzk
                    [name] => almalinux-9.5-x86_64
                    [filename] => almalinux-9.5-x86_64.qcow2
                    [size] => 1044861952
                    [pygrub] => 0
                    [drive] => 
                    [hvm] => 0
                    [perf_ops] => 1
                    [active] => 1
                    [url] => http://files.virtualizor.com/ostemplates.php?osid=1139
                    [distro] => almalinux
                    [Nvirt] => vzk
                )

            [1138] => Array
                (
                    [osid] => 1138
                    [type] => kvm
                    [name] => almalinux-9.5-x86_64
                    [filename] => almalinux-9.5-x86_64.qcow2
                    [size] => 1044861952
                    [pygrub] => 0
                    [drive] => 
                    [hvm] => 0
                    [perf_ops] => 1
                    [active] => 1
                    [url] => http://files.virtualizor.com/ostemplates.php?osid=1138
                    [distro] => almalinux
                    [Nvirt] => kvm
                )

            [1143] => Array
                (
                    [osid] => 1143
                    [type] => proxk
                    [name] => rocky-9.5-x86_64
                    [filename] => rocky-9.5-x86_64.qcow2
                    [size] => 1056314368
                    [pygrub] => 0
                    [drive] => 
                    [hvm] => 0
                    [perf_ops] => 1
                    [active] => 1
                    [url] => http://files.virtualizor.com/ostemplates.php?osid=1143
                    [distro] => rocky
                    [Nvirt] => proxk
                )

            [1142] => Array
                (
                    [osid] => 1142
                    [type] => vzk
                    [name] => rocky-9.5-x86_64
                    [filename] => rocky-9.5-x86_64.qcow2
                    [size] => 1056314368
                    [pygrub] => 0
                    [drive] => 
                    [hvm] => 0
                    [perf_ops] => 1
                    [active] => 1
                    [url] => http://files.virtualizor.com/ostemplates.php?osid=1142
                    [distro] => rocky
                    [Nvirt] => vzk
                )

            [1141] => Array
                (
                    [osid] => 1141
                    [type] => kvm
                    [name] => rocky-9.5-x86_64
                    [filename] => rocky-9.5-x86_64.qcow2
                    [size] => 1056314368
                    [pygrub] => 0
                    [drive] => 
                    [hvm] => 0
                    [perf_ops] => 1
                    [active] => 1
                    [url] => http://files.virtualizor.com/ostemplates.php?osid=1141
                    [distro] => rocky
                    [Nvirt] => kvm
                )

            [1055] => Array
                (
                    [osid] => 1055
                    [type] => kvm
                    [name] => debian-12-x86_64
                    [filename] => debian-12-x86_64.qcow2
                    [size] => 561552384
                    [pygrub] => 0
                    [drive] => 
                    [hvm] => 0
                    [perf_ops] => 1
                    [active] => 1
                    [url] => http://files.virtualizor.com/ostemplates.php?osid=1055
                    [distro] => debian
                    [Nvirt] => kvm
                )

            [1056] => Array
                (
                    [osid] => 1056
                    [type] => vzk
                    [name] => debian-12-x86_64
                    [filename] => debian-12-x86_64.qcow2
                    [size] => 561552384
                    [pygrub] => 0
                    [drive] => 
                    [hvm] => 0
                    [perf_ops] => 1
                    [active] => 1
                    [url] => http://files.virtualizor.com/ostemplates.php?osid=1056
                    [distro] => debian
                    [Nvirt] => vzk
                )

            [1057] => Array
                (
                    [osid] => 1057
                    [type] => proxk
                    [name] => debian-12-x86_64
                    [filename] => debian-12-x86_64.qcow2
                    [size] => 561552384
                    [pygrub] => 0
                    [drive] => 
                    [hvm] => 0
                    [perf_ops] => 1
                    [active] => 1
                    [url] => http://files.virtualizor.com/ostemplates.php?osid=1057
                    [distro] => debian
                    [Nvirt] => proxk
                )

            [1058] => Array
                (
                    [osid] => 1058
                    [type] => xen
                    [name] => debian-12-x86_64
                    [filename] => debian-12-x86_64.img
                    [size] => 2525003776
                    [pygrub] => 0
                    [drive] => 
                    [hvm] => 1
                    [perf_ops] => 1
                    [active] => 1
                    [url] => http://files.virtualizor.com/ostemplates.php?osid=1058
                    [distro] => debian
                    [Nvirt] => xenhvm
                )

            [1059] => Array
                (
                    [osid] => 1059
                    [type] => xcp
                    [name] => debian-12-x86_64
                    [filename] => debian-12-x86_64.img
                    [size] => 2525003776
                    [pygrub] => 0
                    [drive] => 
                    [hvm] => 1
                    [perf_ops] => 1
                    [active] => 1
                    [url] => http://files.virtualizor.com/ostemplates.php?osid=1059
                    [distro] => debian
                    [Nvirt] => xcphvm
                )

            [1060] => Array
                (
                    [osid] => 1060
                    [type] => kvm
                    [name] => rocky-8.8-x86_64
                    [filename] => rocky-8.8-x86_64.img
                    [size] => 3992977408
                    [pygrub] => 0
                    [drive] => 
                    [hvm] => 0
                    [perf_ops] => 1
                    [active] => 1
                    [url] => http://files.virtualizor.com/ostemplates.php?osid=1060
                    [distro] => rocky
                    [Nvirt] => kvm
                )

            [1061] => Array
                (
                    [osid] => 1061
                    [type] => vzk
                    [name] => rocky-8.8-x86_64
                    [filename] => rocky-8.8-x86_64.img
                    [size] => 3992977408
                    [pygrub] => 0
                    [drive] => 
                    [hvm] => 0
                    [perf_ops] => 1
                    [active] => 1
                    [url] => http://files.virtualizor.com/ostemplates.php?osid=1061
                    [distro] => rocky
                    [Nvirt] => vzk
                )

            [1062] => Array
                (
                    [osid] => 1062
                    [type] => proxk
                    [name] => rocky-8.8-x86_64
                    [filename] => rocky-8.8-x86_64.img
                    [size] => 3992977408
                    [pygrub] => 0
                    [drive] => 
                    [hvm] => 0
                    [perf_ops] => 1
                    [active] => 1
                    [url] => http://files.virtualizor.com/ostemplates.php?osid=1062
                    [distro] => rocky
                    [Nvirt] => proxk
                )

            [413] => Array
                (
                    [osid] => 413
                    [type] => openvz
                    [name] => debian-8.0-x86_64-minimal
                    [filename] => debian-8.0-x86_64-minimal.tar.gz
                    [size] => 116329870
                    [pygrub] => 0
                    [drive] => 
                    [hvm] => 0
                    [perf_ops] => 0
                    [active] => 1
                    [url] => http://files.virtualizor.com/ostemplates.php?osid=413
                    [distro] => debian
                    [Nvirt] => openvz
                )

            [418] => Array
                (
                    [osid] => 418
                    [type] => openvz
                    [name] => suse-13.2-x86_64
                    [filename] => suse-13.2-x86_64.tar.gz
                    [size] => 256334083
                    [pygrub] => 0
                    [drive] => 
                    [hvm] => 0
                    [perf_ops] => 0
                    [active] => 1
                    [url] => http://files.virtualizor.com/ostemplates.php?osid=418
                    [distro] => suse
                    [Nvirt] => openvz
                )

            [423] => Array
                (
                    [osid] => 423
                    [type] => lxc
                    [name] => centos-6-x86_64
                    [filename] => centos-6-x86_64.tar.gz
                    [size] => 136257473
                    [pygrub] => 0
                    [drive] => 
                    [hvm] => 0
                    [perf_ops] => 0
                    [active] => 1
                    [url] => http://files.virtualizor.com/ostemplates.php?osid=423
                    [distro] => centos
                    [Nvirt] => lxc
                )

            [425] => Array
                (
                    [osid] => 425
                    [type] => lxc
                    [name] => centos-7-x86_64
                    [filename] => centos-7-x86_64.tar.gz
                    [size] => 157722893
                    [pygrub] => 0
                    [drive] => 
                    [hvm] => 0
                    [perf_ops] => 0
                    [active] => 1
                    [url] => http://files.virtualizor.com/ostemplates.php?osid=425
                    [distro] => centos
                    [Nvirt] => lxc
                )

            [1136] => Array
                (
                    [osid] => 1136
                    [type] => lxc
                    [name] => rocky-9-x86_64
                    [filename] => rocky-9-x86_64.tar.gz
                    [size] => 348540695
                    [pygrub] => 0
                    [drive] => 
                    [hvm] => 0
                    [perf_ops] => 0
                    [active] => 1
                    [url] => http://files.virtualizor.com/ostemplates.php?osid=1136
                    [distro] => rocky
                    [Nvirt] => lxc
                )

            [429] => Array
                (
                    [osid] => 429
                    [type] => lxc
                    [name] => debian-8.5-x86_64
                    [filename] => debian-8.5-x86_64.tar.gz
                    [size] => 201761335
                    [pygrub] => 0
                    [drive] => 
                    [hvm] => 0
                    [perf_ops] => 0
                    [active] => 1
                    [url] => http://files.virtualizor.com/ostemplates.php?osid=429
                    [distro] => debian
                    [Nvirt] => lxc
                )

            [448] => Array
                (
                    [osid] => 448
                    [type] => vzo
                    [name] => centos-7-x86_64-minimal
                    [filename] => centos-7-x86_64-minimal.tar.gz
                    [size] => 145762586
                    [pygrub] => 0
                    [drive] => 
                    [hvm] => 0
                    [perf_ops] => 0
                    [active] => 1
                    [url] => http://files.virtualizor.com/ostemplates.php?osid=448
                    [distro] => centos
                    [Nvirt] => vzo
                )

            [521] => Array
                (
                    [osid] => 521
                    [type] => vzk
                    [name] => suse-13.1-x86_64
                    [filename] => suse-13.1-x86_64.img
                    [size] => 2147483648
                    [pygrub] => 0
                    [drive] => 
                    [hvm] => 0
                    [perf_ops] => 1
                    [active] => 1
                    [url] => http://files.virtualizor.com/ostemplates.php?osid=521
                    [distro] => suse
                    [Nvirt] => vzk
                )

            [942] => Array
                (
                    [osid] => 942
                    [type] => xen
                    [name] => centos-8.2-x86_64
                    [filename] => centos-8.2-x86_64.img
                    [size] => 1665138688
                    [pygrub] => 0
                    [drive] => 
                    [hvm] => 1
                    [perf_ops] => 1
                    [active] => 1
                    [url] => http://files.virtualizor.com/ostemplates.php?osid=942
                    [distro] => centos
                    [Nvirt] => xenhvm
                )

            [1101] => Array
                (
                    [osid] => 1101
                    [type] => vzk
                    [name] => centos-8.9-x86_64
                    [filename] => centos-8.9-x86_64.img
                    [size] => 4244668416
                    [pygrub] => 0
                    [drive] => 
                    [hvm] => 0
                    [perf_ops] => 1
                    [active] => 1
                    [url] => http://files.virtualizor.com/ostemplates.php?osid=1101
                    [distro] => centos
                    [Nvirt] => vzk
                )

            [1079] => Array
                (
                    [osid] => 1079
                    [type] => vzk
                    [name] => rocky-8.9-x86_64
                    [filename] => rocky-8.9-x86_64.img
                    [size] => 4223664128
                    [pygrub] => 0
                    [drive] => 
                    [hvm] => 0
                    [perf_ops] => 1
                    [active] => 1
                    [url] => http://files.virtualizor.com/ostemplates.php?osid=1079
                    [distro] => rocky
                    [Nvirt] => vzk
                )

            [1080] => Array
                (
                    [osid] => 1080
                    [type] => proxk
                    [name] => rocky-8.9-x86_64
                    [filename] => rocky-8.9-x86_64.img
                    [size] => 4223664128
                    [pygrub] => 0
                    [drive] => 
                    [hvm] => 0
                    [perf_ops] => 1
                    [active] => 1
                    [url] => http://files.virtualizor.com/ostemplates.php?osid=1080
                    [distro] => rocky
                    [Nvirt] => proxk
                )

            [1081] => Array
                (
                    [osid] => 1081
                    [type] => kvm
                    [name] => almalinux-8.9-x86_64
                    [filename] => almalinux-8.9-x86_64.img
                    [size] => 4005560320
                    [pygrub] => 0
                    [drive] => 
                    [hvm] => 0
                    [perf_ops] => 1
                    [active] => 1
                    [url] => http://files.virtualizor.com/ostemplates.php?osid=1081
                    [distro] => almalinux
                    [Nvirt] => kvm
                )

            [592] => Array
                (
                    [osid] => 592
                    [type] => vzo
                    [name] => centos-7-x86_64
                    [filename] => centos-7-x86_64.tar.gz
                    [size] => 305174032
                    [pygrub] => 0
                    [drive] => 
                    [hvm] => 0
                    [perf_ops] => 0
                    [active] => 1
                    [url] => http://files.virtualizor.com/ostemplates.php?osid=592
                    [distro] => centos
                    [Nvirt] => vzo
                )

            [1077] => Array
                (
                    [osid] => 1077
                    [type] => proxk
                    [name] => almalinux-9.3-x86_64
                    [filename] => almalinux-9.3-x86_64.img
                    [size] => 2587885568
                    [pygrub] => 0
                    [drive] => 
                    [hvm] => 0
                    [perf_ops] => 1
                    [active] => 1
                    [url] => http://files.virtualizor.com/ostemplates.php?osid=1077
                    [distro] => almalinux
                    [Nvirt] => proxk
                )

            [1075] => Array
                (
                    [osid] => 1075
                    [type] => kvm
                    [name] => almalinux-9.3-x86_64
                    [filename] => almalinux-9.3-x86_64.img
                    [size] => 2587885568
                    [pygrub] => 0
                    [drive] => 
                    [hvm] => 0
                    [perf_ops] => 1
                    [active] => 1
                    [url] => http://files.virtualizor.com/ostemplates.php?osid=1075
                    [distro] => almalinux
                    [Nvirt] => kvm
                )

            [1076] => Array
                (
                    [osid] => 1076
                    [type] => vzk
                    [name] => almalinux-9.3-x86_64
                    [filename] => almalinux-9.3-x86_64.img
                    [size] => 2587885568
                    [pygrub] => 0
                    [drive] => 
                    [hvm] => 0
                    [perf_ops] => 1
                    [active] => 1
                    [url] => http://files.virtualizor.com/ostemplates.php?osid=1076
                    [distro] => almalinux
                    [Nvirt] => vzk
                )

            [1074] => Array
                (
                    [osid] => 1074
                    [type] => proxk
                    [name] => rocky-9.3-x86_64
                    [filename] => rocky-9.3-x86_64.img
                    [size] => 2793406464
                    [pygrub] => 0
                    [drive] => 
                    [hvm] => 0
                    [perf_ops] => 1
                    [active] => 1
                    [url] => http://files.virtualizor.com/ostemplates.php?osid=1074
                    [distro] => rocky
                    [Nvirt] => proxk
                )

            [1071] => Array
                (
                    [osid] => 1071
                    [type] => proxk
                    [name] => oracle-9.2-x86_64
                    [filename] => oracle-9.2-x86_64.img
                    [size] => 3061858816
                    [pygrub] => 0
                    [drive] => 
                    [hvm] => 0
                    [perf_ops] => 1
                    [active] => 1
                    [url] => http://files.virtualizor.com/ostemplates.php?osid=1071
                    [distro] => oracle
                    [Nvirt] => proxk
                )

            [1072] => Array
                (
                    [osid] => 1072
                    [type] => kvm
                    [name] => rocky-9.3-x86_64
                    [filename] => rocky-9.3-x86_64.img
                    [size] => 2793406464
                    [pygrub] => 0
                    [drive] => 
                    [hvm] => 0
                    [perf_ops] => 1
                    [active] => 1
                    [url] => http://files.virtualizor.com/ostemplates.php?osid=1072
                    [distro] => rocky
                    [Nvirt] => kvm
                )

            [1073] => Array
                (
                    [osid] => 1073
                    [type] => vzk
                    [name] => rocky-9.3-x86_64
                    [filename] => rocky-9.3-x86_64.img
                    [size] => 2793406464
                    [pygrub] => 0
                    [drive] => 
                    [hvm] => 0
                    [perf_ops] => 1
                    [active] => 1
                    [url] => http://files.virtualizor.com/ostemplates.php?osid=1073
                    [distro] => rocky
                    [Nvirt] => vzk
                )

            [609] => Array
                (
                    [osid] => 609
                    [type] => vzo
                    [name] => centos-6-x86
                    [filename] => centos-6-x86.tar.gz
                    [size] => 216487999
                    [pygrub] => 0
                    [drive] => 
                    [hvm] => 0
                    [perf_ops] => 0
                    [active] => 1
                    [url] => http://files.virtualizor.com/ostemplates.php?osid=609
                    [distro] => centos
                    [Nvirt] => vzo
                )

            [1069] => Array
                (
                    [osid] => 1069
                    [type] => kvm
                    [name] => oracle-9.2-x86_64
                    [filename] => oracle-9.2-x86_64.img
                    [size] => 3061858816
                    [pygrub] => 0
                    [drive] => 
                    [hvm] => 0
                    [perf_ops] => 1
                    [active] => 1
                    [url] => http://files.virtualizor.com/ostemplates.php?osid=1069
                    [distro] => oracle
                    [Nvirt] => kvm
                )

            [1070] => Array
                (
                    [osid] => 1070
                    [type] => vzk
                    [name] => oracle-9.2-x86_64
                    [filename] => oracle-9.2-x86_64.img
                    [size] => 3061858816
                    [pygrub] => 0
                    [drive] => 
                    [hvm] => 0
                    [perf_ops] => 1
                    [active] => 1
                    [url] => http://files.virtualizor.com/ostemplates.php?osid=1070
                    [distro] => oracle
                    [Nvirt] => vzk
                )

            [619] => Array
                (
                    [osid] => 619
                    [type] => vzo
                    [name] => suse-13.2-x86_64
                    [filename] => suse-13.2-x86_64.tar.gz
                    [size] => 256334083
                    [pygrub] => 0
                    [drive] => 
                    [hvm] => 0
                    [perf_ops] => 0
                    [active] => 1
                    [url] => http://files.virtualizor.com/ostemplates.php?osid=619
                    [distro] => suse
                    [Nvirt] => vzo
                )

            [622] => Array
                (
                    [osid] => 622
                    [type] => vzo
                    [name] => ubuntu-16.04-x86_64
                    [filename] => ubuntu-16.04-x86_64.tar.gz
                    [size] => 186803364
                    [pygrub] => 0
                    [drive] => 
                    [hvm] => 0
                    [perf_ops] => 0
                    [active] => 1
                    [url] => http://files.virtualizor.com/ostemplates.php?osid=622
                    [distro] => ubuntu
                    [Nvirt] => vzo
                )

            [623] => Array
                (
                    [osid] => 623
                    [type] => kvm
                    [name] => debian-8.7-x86_64
                    [filename] => debian-8.7-x86_64.img
                    [size] => 1291845632
                    [pygrub] => 0
                    [drive] => 
                    [hvm] => 0
                    [perf_ops] => 1
                    [active] => 1
                    [url] => http://files.virtualizor.com/ostemplates.php?osid=623
                    [distro] => debian
                    [Nvirt] => kvm
                )

            [1151] => Array
                (
                    [osid] => 1151
                    [type] => kvm
                    [name] => rocky-8.10-x86_64
                    [filename] => rocky-8.10-x86_64.qcow2
                    [size] => 1316993024
                    [pygrub] => 0
                    [drive] => 
                    [hvm] => 0
                    [perf_ops] => 1
                    [active] => 1
                    [url] => http://files.virtualizor.com/ostemplates.php?osid=1151
                    [distro] => rocky
                    [Nvirt] => kvm
                )

            [1150] => Array
                (
                    [osid] => 1150
                    [type] => proxk
                    [name] => almalinux-8.10-x86_64
                    [filename] => almalinux-8.10-x86_64.qcow2
                    [size] => 1208630784
                    [pygrub] => 0
                    [drive] => 
                    [hvm] => 0
                    [perf_ops] => 1
                    [active] => 1
                    [url] => http://files.virtualizor.com/ostemplates.php?osid=1150
                    [distro] => almalinux
                    [Nvirt] => proxk
                )

            [629] => Array
                (
                    [osid] => 629
                    [type] => xen
                    [name] => debian-8.7-x86_64
                    [filename] => debian-8.7-x86_64.img
                    [size] => 1291845632
                    [pygrub] => 0
                    [drive] => 
                    [hvm] => 1
                    [perf_ops] => 1
                    [active] => 1
                    [url] => http://files.virtualizor.com/ostemplates.php?osid=629
                    [distro] => debian
                    [Nvirt] => xenhvm
                )

            [633] => Array
                (
                    [osid] => 633
                    [type] => xcp
                    [name] => debian-8.7-x86_64
                    [filename] => debian-8.7-x86_64.img
                    [size] => 1291845632
                    [pygrub] => 0
                    [drive] => 
                    [hvm] => 1
                    [perf_ops] => 1
                    [active] => 1
                    [url] => http://files.virtualizor.com/ostemplates.php?osid=633
                    [distro] => debian
                    [Nvirt] => xcphvm
                )

            [653] => Array
                (
                    [osid] => 653
                    [type] => proxo
                    [name] => centos-6-x86_64
                    [filename] => centos-6-x86_64.tar.gz
                    [size] => 229692743
                    [pygrub] => 0
                    [drive] => 
                    [hvm] => 0
                    [perf_ops] => 0
                    [active] => 1
                    [url] => http://files.virtualizor.com/ostemplates.php?osid=653
                    [distro] => centos
                    [Nvirt] => proxo
                )

            [654] => Array
                (
                    [osid] => 654
                    [type] => proxo
                    [name] => centos-7-x86_64
                    [filename] => centos-7-x86_64.tar.gz
                    [size] => 221756916
                    [pygrub] => 0
                    [drive] => 
                    [hvm] => 0
                    [perf_ops] => 0
                    [active] => 1
                    [url] => http://files.virtualizor.com/ostemplates.php?osid=654
                    [distro] => centos
                    [Nvirt] => proxo
                )

            [658] => Array
                (
                    [osid] => 658
                    [type] => proxo
                    [name] => centos-7-x86_64-minimal
                    [filename] => centos-7-x86_64-minimal.tar.gz
                    [size] => 145762586
                    [pygrub] => 0
                    [drive] => 
                    [hvm] => 0
                    [perf_ops] => 0
                    [active] => 1
                    [url] => http://files.virtualizor.com/ostemplates.php?osid=658
                    [distro] => centos
                    [Nvirt] => proxo
                )

            [1158] => Array
                (
                    [osid] => 1158
                    [type] => kvm
                    [name] => almalinux-9.6-x86_64
                    [filename] => almalinux-9.6-x86_64.qcow2
                    [size] => 1091092480
                    [pygrub] => 0
                    [drive] => 
                    [hvm] => 0
                    [perf_ops] => 1
                    [active] => 1
                    [url] => http://files.virtualizor.com/ostemplates.php?osid=1158
                    [distro] => almalinux
                    [Nvirt] => kvm
                )

            [1155] => Array
                (
                    [osid] => 1155
                    [type] => xcp
                    [name] => almalinux-9.5-x86_64
                    [filename] => almalinux-9.5-x86_64.qcow2
                    [size] => 1259015168
                    [pygrub] => 0
                    [drive] => 
                    [hvm] => 1
                    [perf_ops] => 1
                    [active] => 1
                    [url] => http://files.virtualizor.com/ostemplates.php?osid=1155
                    [distro] => almalinux
                    [Nvirt] => xcphvm
                )

            [1156] => Array
                (
                    [osid] => 1156
                    [type] => xen
                    [name] => almalinux-8.10-x86_64
                    [filename] => almalinux-8.10-x86_64.qcow2
                    [size] => 1464707072
                    [pygrub] => 0
                    [drive] => 
                    [hvm] => 1
                    [perf_ops] => 1
                    [active] => 1
                    [url] => http://files.virtualizor.com/ostemplates.php?osid=1156
                    [distro] => almalinux
                    [Nvirt] => xenhvm
                )

            [1157] => Array
                (
                    [osid] => 1157
                    [type] => xen
                    [name] => almalinux-9.5-x86_64
                    [filename] => almalinux-9.5-x86_64.qcow2
                    [size] => 1259015168
                    [pygrub] => 0
                    [drive] => 
                    [hvm] => 1
                    [perf_ops] => 1
                    [active] => 1
                    [url] => http://files.virtualizor.com/ostemplates.php?osid=1157
                    [distro] => almalinux
                    [Nvirt] => xenhvm
                )

            [1149] => Array
                (
                    [osid] => 1149
                    [type] => vzk
                    [name] => almalinux-8.10-x86_64
                    [filename] => almalinux-8.10-x86_64.qcow2
                    [size] => 1208630784
                    [pygrub] => 0
                    [drive] => 
                    [hvm] => 0
                    [perf_ops] => 1
                    [active] => 1
                    [url] => http://files.virtualizor.com/ostemplates.php?osid=1149
                    [distro] => almalinux
                    [Nvirt] => vzk
                )

            [684] => Array
                (
                    [osid] => 684
                    [type] => proxo
                    [name] => debian-8.0-x86_64-minimal
                    [filename] => debian-8.0-x86_64-minimal.tar.gz
                    [size] => 116329870
                    [pygrub] => 0
                    [drive] => 
                    [hvm] => 0
                    [perf_ops] => 0
                    [active] => 1
                    [url] => http://files.virtualizor.com/ostemplates.php?osid=684
                    [distro] => debian
                    [Nvirt] => proxo
                )

            [1137] => Array
                (
                    [osid] => 1137
                    [type] => proxl
                    [name] => rocky-9-x86_64
                    [filename] => rocky-9-x86_64.tar.gz
                    [size] => 348540695
                    [pygrub] => 0
                    [drive] => 
                    [hvm] => 0
                    [perf_ops] => 0
                    [active] => 1
                    [url] => http://files.virtualizor.com/ostemplates.php?osid=1137
                    [distro] => rocky
                    [Nvirt] => proxl
                )

            [693] => Array
                (
                    [osid] => 693
                    [type] => proxl
                    [name] => centos-7-x86_64
                    [filename] => centos-7-x86_64.tar.gz
                    [size] => 221756916
                    [pygrub] => 0
                    [drive] => 
                    [hvm] => 0
                    [perf_ops] => 1
                    [active] => 1
                    [url] => http://files.virtualizor.com/ostemplates.php?osid=693
                    [distro] => centos
                    [Nvirt] => proxl
                )

            [1099] => Array
                (
                    [osid] => 1099
                    [type] => proxk
                    [name] => centos-9.3-x86_64
                    [filename] => centos-9.3-x86_64.img
                    [size] => 2655044106
                    [pygrub] => 0
                    [drive] => 
                    [hvm] => 0
                    [perf_ops] => 1
                    [active] => 1
                    [url] => http://files.virtualizor.com/ostemplates.php?osid=1099
                    [distro] => centos
                    [Nvirt] => proxk
                )

            [1078] => Array
                (
                    [osid] => 1078
                    [type] => kvm
                    [name] => rocky-8.9-x86_64
                    [filename] => rocky-8.9-x86_64.img
                    [size] => 4223664128
                    [pygrub] => 0
                    [drive] => 
                    [hvm] => 0
                    [perf_ops] => 1
                    [active] => 1
                    [url] => http://files.virtualizor.com/ostemplates.php?osid=1078
                    [distro] => rocky
                    [Nvirt] => kvm
                )

            [699] => Array
                (
                    [osid] => 699
                    [type] => proxo
                    [name] => suse-13.2-x86_64
                    [filename] => suse-13.2-x86_64.tar.gz
                    [size] => 256334083
                    [pygrub] => 0
                    [drive] => 
                    [hvm] => 0
                    [perf_ops] => 0
                    [active] => 1
                    [url] => http://files.virtualizor.com/ostemplates.php?osid=699
                    [distro] => suse
                    [Nvirt] => proxo
                )

            [715] => Array
                (
                    [osid] => 715
                    [type] => proxl
                    [name] => centos-6-x86_64
                    [filename] => centos-6-x86_64.tar.gz
                    [size] => 229692743
                    [pygrub] => 0
                    [drive] => 
                    [hvm] => 0
                    [perf_ops] => 0
                    [active] => 1
                    [url] => http://files.virtualizor.com/ostemplates.php?osid=715
                    [distro] => centos
                    [Nvirt] => proxl
                )

            [725] => Array
                (
                    [osid] => 725
                    [type] => proxk
                    [name] => debian-8.7-x86_64
                    [filename] => debian-8.7-x86_64.img
                    [size] => 1291845632
                    [pygrub] => 0
                    [drive] => 
                    [hvm] => 0
                    [perf_ops] => 1
                    [active] => 1
                    [url] => http://files.virtualizor.com/ostemplates.php?osid=725
                    [distro] => debian
                    [Nvirt] => proxk
                )

            [1065] => Array
                (
                    [osid] => 1065
                    [type] => proxk
                    [name] => almalinux-8.8-x86_64
                    [filename] => almalinux-8.8-x86_64.img
                    [size] => 3879731200
                    [pygrub] => 0
                    [drive] => 
                    [hvm] => 0
                    [perf_ops] => 1
                    [active] => 1
                    [url] => http://files.virtualizor.com/ostemplates.php?osid=1065
                    [distro] => almalinux
                    [Nvirt] => proxk
                )

            [1152] => Array
                (
                    [osid] => 1152
                    [type] => vzk
                    [name] => rocky-8.10-x86_64
                    [filename] => rocky-8.10-x86_64.qcow2
                    [size] => 1316993024
                    [pygrub] => 0
                    [drive] => 
                    [hvm] => 0
                    [perf_ops] => 1
                    [active] => 1
                    [url] => http://files.virtualizor.com/ostemplates.php?osid=1152
                    [distro] => rocky
                    [Nvirt] => vzk
                )

            [1153] => Array
                (
                    [osid] => 1153
                    [type] => proxk
                    [name] => rocky-8.10-x86_64
                    [filename] => rocky-8.10-x86_64.qcow2
                    [size] => 1316993024
                    [pygrub] => 0
                    [drive] => 
                    [hvm] => 0
                    [perf_ops] => 1
                    [active] => 1
                    [url] => http://files.virtualizor.com/ostemplates.php?osid=1153
                    [distro] => rocky
                    [Nvirt] => proxk
                )

            [1154] => Array
                (
                    [osid] => 1154
                    [type] => xcp
                    [name] => almalinux-8.10-x86_64
                    [filename] => almalinux-8.10-x86_64.qcow2
                    [size] => 1464707072
                    [pygrub] => 0
                    [drive] => 
                    [hvm] => 1
                    [perf_ops] => 1
                    [active] => 1
                    [url] => http://files.virtualizor.com/ostemplates.php?osid=1154
                    [distro] => almalinux
                    [Nvirt] => xcphvm
                )

            [763] => Array
                (
                    [osid] => 763
                    [type] => xcp
                    [name] => debian-8.7-x86_64
                    [filename] => debian-8.7-x86_64.img.gz
                    [size] => 517506831
                    [pygrub] => 0
                    [drive] => 
                    [hvm] => 0
                    [perf_ops] => 1
                    [active] => 1
                    [url] => http://files.virtualizor.com/ostemplates.php?osid=763
                    [distro] => debian
                    [Nvirt] => xcp
                )

            [1135] => Array
                (
                    [osid] => 1135
                    [type] => proxl
                    [name] => almalinux-9-x86_64
                    [filename] => almalinux-9-x86_64.tar.gz
                    [size] => 368686718
                    [pygrub] => 0
                    [drive] => 
                    [hvm] => 0
                    [perf_ops] => 0
                    [active] => 1
                    [url] => http://files.virtualizor.com/ostemplates.php?osid=1135
                    [distro] => almalinux
                    [Nvirt] => proxl
                )

            [1133] => Array
                (
                    [osid] => 1133
                    [type] => proxl
                    [name] => centos-9-x86_64
                    [filename] => centos-9-x86_64.tar.gz
                    [size] => 237270137
                    [pygrub] => 0
                    [drive] => 
                    [hvm] => 0
                    [perf_ops] => 0
                    [active] => 1
                    [url] => http://files.virtualizor.com/ostemplates.php?osid=1133
                    [distro] => centos
                    [Nvirt] => proxl
                )

            [1134] => Array
                (
                    [osid] => 1134
                    [type] => lxc
                    [name] => almalinux-9-x86_64
                    [filename] => almalinux-9-x86_64.tar.gz
                    [size] => 368686718
                    [pygrub] => 0
                    [drive] => 
                    [hvm] => 0
                    [perf_ops] => 0
                    [active] => 1
                    [url] => http://files.virtualizor.com/ostemplates.php?osid=1134
                    [distro] => almalinux
                    [Nvirt] => lxc
                )

            [771] => Array
                (
                    [osid] => 771
                    [type] => kvm
                    [name] => debian-9.4-x86_64
                    [filename] => debian-9.4-x86_64.img
                    [size] => 1396703232
                    [pygrub] => 0
                    [drive] => 
                    [hvm] => 0
                    [perf_ops] => 1
                    [active] => 1
                    [url] => http://files.virtualizor.com/ostemplates.php?osid=771
                    [distro] => debian
                    [Nvirt] => kvm
                )

            [772] => Array
                (
                    [osid] => 772
                    [type] => xen
                    [name] => debian-9.4-x86_64
                    [filename] => debian-9.4-x86_64.img
                    [size] => 1396703232
                    [pygrub] => 0
                    [drive] => 
                    [hvm] => 1
                    [perf_ops] => 1
                    [active] => 1
                    [url] => http://files.virtualizor.com/ostemplates.php?osid=772
                    [distro] => debian
                    [Nvirt] => xenhvm
                )

            [773] => Array
                (
                    [osid] => 773
                    [type] => xcp
                    [name] => debian-9.4-x86_64
                    [filename] => debian-9.4-x86_64.img
                    [size] => 1396703232
                    [pygrub] => 0
                    [drive] => 
                    [hvm] => 1
                    [perf_ops] => 1
                    [active] => 1
                    [url] => http://files.virtualizor.com/ostemplates.php?osid=773
                    [distro] => debian
                    [Nvirt] => xcphvm
                )

            [774] => Array
                (
                    [osid] => 774
                    [type] => vzk
                    [name] => debian-9.4-x86_64
                    [filename] => debian-9.4-x86_64.img
                    [size] => 1396703232
                    [pygrub] => 0
                    [drive] => 
                    [hvm] => 0
                    [perf_ops] => 1
                    [active] => 1
                    [url] => http://files.virtualizor.com/ostemplates.php?osid=774
                    [distro] => debian
                    [Nvirt] => vzk
                )

            [775] => Array
                (
                    [osid] => 775
                    [type] => xcp
                    [name] => debian-9.4-x86_64
                    [filename] => debian-9.4-x86_64.img.gz
                    [size] => 519672506
                    [pygrub] => 0
                    [drive] => 
                    [hvm] => 0
                    [perf_ops] => 1
                    [active] => 1
                    [url] => http://files.virtualizor.com/ostemplates.php?osid=775
                    [distro] => debian
                    [Nvirt] => xcp
                )

            [800] => Array
                (
                    [osid] => 800
                    [type] => kvm
                    [name] => scientific-7.4-x86_64
                    [filename] => scientific-7.4-x86_64.img
                    [size] => 1409286144
                    [pygrub] => 0
                    [drive] => 
                    [hvm] => 0
                    [perf_ops] => 1
                    [active] => 1
                    [url] => http://files.virtualizor.com/ostemplates.php?osid=800
                    [distro] => scientific
                    [Nvirt] => kvm
                )

            [801] => Array
                (
                    [osid] => 801
                    [type] => xen
                    [name] => scientific-7.4-x86_64
                    [filename] => scientific-7.4-x86_64.img
                    [size] => 1409286144
                    [pygrub] => 0
                    [drive] => 
                    [hvm] => 1
                    [perf_ops] => 1
                    [active] => 1
                    [url] => http://files.virtualizor.com/ostemplates.php?osid=801
                    [distro] => scientific
                    [Nvirt] => xenhvm
                )

            [802] => Array
                (
                    [osid] => 802
                    [type] => xcp
                    [name] => scientific-7.4-x86_64
                    [filename] => scientific-7.4-x86_64.img
                    [size] => 1409286144
                    [pygrub] => 0
                    [drive] => 
                    [hvm] => 1
                    [perf_ops] => 1
                    [active] => 1
                    [url] => http://files.virtualizor.com/ostemplates.php?osid=802
                    [distro] => scientific
                    [Nvirt] => xcphvm
                )

            [803] => Array
                (
                    [osid] => 803
                    [type] => vzk
                    [name] => scientific-7.4-x86_64
                    [filename] => scientific-7.4-x86_64.img
                    [size] => 1409286144
                    [pygrub] => 0
                    [drive] => 
                    [hvm] => 0
                    [perf_ops] => 1
                    [active] => 1
                    [url] => http://files.virtualizor.com/ostemplates.php?osid=803
                    [distro] => scientific
                    [Nvirt] => vzk
                )

            [804] => Array
                (
                    [osid] => 804
                    [type] => xcp
                    [name] => scientific-7.4-x86_64
                    [filename] => scientific-7.4-x86_64.img.gz
                    [size] => 547690070
                    [pygrub] => 0
                    [drive] => 
                    [hvm] => 0
                    [perf_ops] => 1
                    [active] => 1
                    [url] => http://files.virtualizor.com/ostemplates.php?osid=804
                    [distro] => scientific
                    [Nvirt] => xcp
                )

            [807] => Array
                (
                    [osid] => 807
                    [type] => xen
                    [name] => debian-9.4-x86_64
                    [filename] => debian-9.4-x86_64.tar.gz
                    [size] => 302791159
                    [pygrub] => 1
                    [drive] => xvda
                    [hvm] => 0
                    [perf_ops] => 0
                    [active] => 1
                    [url] => http://files.virtualizor.com/ostemplates.php?osid=807
                    [distro] => debian
                    [Nvirt] => xen
                )

            [1130] => Array
                (
                    [osid] => 1130
                    [type] => lxc
                    [name] => debian-12-x86_64
                    [filename] => debian-12-x86_64.tar.gz
                    [size] => 233631620
                    [pygrub] => 0
                    [drive] => 
                    [hvm] => 0
                    [perf_ops] => 0
                    [active] => 1
                    [url] => http://files.virtualizor.com/ostemplates.php?osid=1130
                    [distro] => debian
                    [Nvirt] => lxc
                )

            [1131] => Array
                (
                    [osid] => 1131
                    [type] => proxl
                    [name] => debian-12-x86_64
                    [filename] => debian-12-x86_64.tar.gz
                    [size] => 233631620
                    [pygrub] => 0
                    [drive] => 
                    [hvm] => 0
                    [perf_ops] => 0
                    [active] => 1
                    [url] => http://files.virtualizor.com/ostemplates.php?osid=1131
                    [distro] => debian
                    [Nvirt] => proxl
                )

            [1132] => Array
                (
                    [osid] => 1132
                    [type] => lxc
                    [name] => centos-9-x86_64
                    [filename] => centos-9-x86_64.tar.gz
                    [size] => 237270137
                    [pygrub] => 0
                    [drive] => 
                    [hvm] => 0
                    [perf_ops] => 0
                    [active] => 1
                    [url] => http://files.virtualizor.com/ostemplates.php?osid=1132
                    [distro] => centos
                    [Nvirt] => lxc
                )

            [941] => Array
                (
                    [osid] => 941
                    [type] => xcp
                    [name] => ubuntu-18.04-x86_64
                    [filename] => ubuntu-18.04-x86_64.img.gz
                    [size] => 601676336
                    [pygrub] => 0
                    [drive] => 
                    [hvm] => 0
                    [perf_ops] => 1
                    [active] => 1
                    [url] => http://files.virtualizor.com/ostemplates.php?osid=941
                    [distro] => ubuntu
                    [Nvirt] => xcp
                )

            [812] => Array
                (
                    [osid] => 812
                    [type] => kvm
                    [name] => ubuntu-18.04-x86_64
                    [filename] => ubuntu-18.04-x86_64.img
                    [size] => 1732247552
                    [pygrub] => 0
                    [drive] => 
                    [hvm] => 0
                    [perf_ops] => 1
                    [active] => 1
                    [url] => http://files.virtualizor.com/ostemplates.php?osid=812
                    [distro] => ubuntu
                    [Nvirt] => kvm
                )

            [940] => Array
                (
                    [osid] => 940
                    [type] => xcp
                    [name] => ubuntu-18.04-x86_64
                    [filename] => ubuntu-18.04-x86_64.img
                    [size] => 1732247552
                    [pygrub] => 0
                    [drive] => 
                    [hvm] => 1
                    [perf_ops] => 1
                    [active] => 1
                    [url] => http://files.virtualizor.com/ostemplates.php?osid=940
                    [distro] => ubuntu
                    [Nvirt] => xcphvm
                )

            [939] => Array
                (
                    [osid] => 939
                    [type] => xen
                    [name] => ubuntu-18.04-x86_64
                    [filename] => ubuntu-18.04-x86_64.img
                    [size] => 1732247552
                    [pygrub] => 0
                    [drive] => 
                    [hvm] => 1
                    [perf_ops] => 1
                    [active] => 1
                    [url] => http://files.virtualizor.com/ostemplates.php?osid=939
                    [distro] => ubuntu
                    [Nvirt] => xenhvm
                )

            [815] => Array
                (
                    [osid] => 815
                    [type] => vzk
                    [name] => ubuntu-18.04-x86_64
                    [filename] => ubuntu-18.04-x86_64.img
                    [size] => 1732247552
                    [pygrub] => 0
                    [drive] => 
                    [hvm] => 0
                    [perf_ops] => 1
                    [active] => 1
                    [url] => http://files.virtualizor.com/ostemplates.php?osid=815
                    [distro] => ubuntu
                    [Nvirt] => vzk
                )

            [1045] => Array
                (
                    [osid] => 1045
                    [type] => vzo
                    [name] => almalinux-9-x86_64
                    [filename] => almalinux-9-x86_64.tar.gz
                    [size] => 188515508
                    [pygrub] => 0
                    [drive] => 
                    [hvm] => 0
                    [perf_ops] => 0
                    [active] => 1
                    [url] => http://files.virtualizor.com/ostemplates.php?osid=1045
                    [distro] => almalinux
                    [Nvirt] => vzo
                )

            [1144] => Array
                (
                    [osid] => 1144
                    [type] => vzo
                    [name] => ubuntu-24.04-x86_64
                    [filename] => ubuntu-24.04-x86_64.tar.gz
                    [size] => 264570638
                    [pygrub] => 0
                    [drive] => 
                    [hvm] => 0
                    [perf_ops] => 0
                    [active] => 1
                    [url] => http://files.virtualizor.com/ostemplates.php?osid=1144
                    [distro] => ubuntu
                    [Nvirt] => vzo
                )

            [1032] => Array
                (
                    [osid] => 1032
                    [type] => vzo
                    [name] => ubuntu-22.04-x86_64
                    [filename] => ubuntu-22.04-x86_64.tar.gz
                    [size] => 243412127
                    [pygrub] => 0
                    [drive] => 
                    [hvm] => 0
                    [perf_ops] => 0
                    [active] => 1
                    [url] => http://files.virtualizor.com/ostemplates.php?osid=1032
                    [distro] => ubuntu
                    [Nvirt] => vzo
                )

            [1036] => Array
                (
                    [osid] => 1036
                    [type] => kvm
                    [name] => webuzo-almalinux-8.6-x86_64
                    [filename] => webuzo-almalinux-8.6-x86_64.img
                    [size] => 4135616512
                    [pygrub] => 0
                    [drive] => 
                    [hvm] => 0
                    [perf_ops] => 1
                    [active] => 1
                    [url] => http://files.virtualizor.com/ostemplates.php?osid=1036
                    [distro] => webuzo
                    [Nvirt] => kvm
                )

            [1037] => Array
                (
                    [osid] => 1037
                    [type] => vzk
                    [name] => webuzo-almalinux-8.6-x86_64
                    [filename] => webuzo-almalinux-8.6-x86_64.img
                    [size] => 4135616512
                    [pygrub] => 0
                    [drive] => 
                    [hvm] => 0
                    [perf_ops] => 1
                    [active] => 1
                    [url] => http://files.virtualizor.com/ostemplates.php?osid=1037
                    [distro] => webuzo
                    [Nvirt] => vzk
                )

            [1038] => Array
                (
                    [osid] => 1038
                    [type] => proxk
                    [name] => webuzo-almalinux-8.6-x86_64
                    [filename] => webuzo-almalinux-8.6-x86_64.img
                    [size] => 4135616512
                    [pygrub] => 0
                    [drive] => 
                    [hvm] => 0
                    [perf_ops] => 1
                    [active] => 1
                    [url] => http://files.virtualizor.com/ostemplates.php?osid=1038
                    [distro] => webuzo
                    [Nvirt] => proxk
                )

            [1148] => Array
                (
                    [osid] => 1148
                    [type] => kvm
                    [name] => almalinux-8.10-x86_64
                    [filename] => almalinux-8.10-x86_64.qcow2
                    [size] => 1208630784
                    [pygrub] => 0
                    [drive] => 
                    [hvm] => 0
                    [perf_ops] => 1
                    [active] => 1
                    [url] => http://files.virtualizor.com/ostemplates.php?osid=1148
                    [distro] => almalinux
                    [Nvirt] => kvm
                )

            [1147] => Array
                (
                    [osid] => 1147
                    [type] => proxk
                    [name] => windows-2025-virtio
                    [filename] => windows-2025-virtio.qcow2
                    [size] => 8402924544
                    [pygrub] => 0
                    [drive] => 
                    [hvm] => 0
                    [perf_ops] => 1
                    [active] => 1
                    [url] => http://files.virtualizor.com/ostemplates.php?osid=1147
                    [distro] => windows
                    [Nvirt] => proxk
                )

            [1145] => Array
                (
                    [osid] => 1145
                    [type] => kvm
                    [name] => windows-2025-virtio
                    [filename] => windows-2025-virtio.qcow2
                    [size] => 8402924544
                    [pygrub] => 0
                    [drive] => 
                    [hvm] => 0
                    [perf_ops] => 1
                    [active] => 1
                    [url] => http://files.virtualizor.com/ostemplates.php?osid=1145
                    [distro] => windows
                    [Nvirt] => kvm
                )

            [1146] => Array
                (
                    [osid] => 1146
                    [type] => vzk
                    [name] => windows-2025-virtio
                    [filename] => windows-2025-virtio.qcow2
                    [size] => 8402924544
                    [pygrub] => 0
                    [drive] => 
                    [hvm] => 0
                    [perf_ops] => 1
                    [active] => 1
                    [url] => http://files.virtualizor.com/ostemplates.php?osid=1146
                    [distro] => windows
                    [Nvirt] => vzk
                )

            [835] => Array
                (
                    [osid] => 835
                    [type] => xen
                    [name] => ubuntu-18.04-x86_64
                    [filename] => ubuntu-18.04-x86_64.tar.gz
                    [size] => 512035934
                    [pygrub] => 1
                    [drive] => xvda
                    [hvm] => 0
                    [perf_ops] => 0
                    [active] => 1
                    [url] => http://files.virtualizor.com/ostemplates.php?osid=835
                    [distro] => ubuntu
                    [Nvirt] => xen
                )

            [844] => Array
                (
                    [osid] => 844
                    [type] => proxk
                    [name] => ubuntu-18.04-x86_64
                    [filename] => ubuntu-18.04-x86_64.img
                    [size] => 1732247552
                    [pygrub] => 0
                    [drive] => 
                    [hvm] => 0
                    [perf_ops] => 1
                    [active] => 1
                    [url] => http://files.virtualizor.com/ostemplates.php?osid=844
                    [distro] => ubuntu
                    [Nvirt] => proxk
                )

            [845] => Array
                (
                    [osid] => 845
                    [type] => proxk
                    [name] => debian-9.4-x86_64
                    [filename] => debian-9.4-x86_64.img
                    [size] => 1396703232
                    [pygrub] => 0
                    [drive] => 
                    [hvm] => 0
                    [perf_ops] => 1
                    [active] => 1
                    [url] => http://files.virtualizor.com/ostemplates.php?osid=845
                    [distro] => debian
                    [Nvirt] => proxk
                )

            [847] => Array
                (
                    [osid] => 847
                    [type] => proxk
                    [name] => scientific-7.4-x86_64
                    [filename] => scientific-7.4-x86_64.img
                    [size] => 1409286144
                    [pygrub] => 0
                    [drive] => 
                    [hvm] => 0
                    [perf_ops] => 1
                    [active] => 1
                    [url] => http://files.virtualizor.com/ostemplates.php?osid=847
                    [distro] => scientific
                    [Nvirt] => proxk
                )

            [848] => Array
                (
                    [osid] => 848
                    [type] => kvm
                    [name] => centos-6.10-x86_64
                    [filename] => centos-6.10-x86_64.img
                    [size] => 1098907648
                    [pygrub] => 0
                    [drive] => 
                    [hvm] => 0
                    [perf_ops] => 1
                    [active] => 1
                    [url] => http://files.virtualizor.com/ostemplates.php?osid=848
                    [distro] => centos
                    [Nvirt] => kvm
                )

            [849] => Array
                (
                    [osid] => 849
                    [type] => xen
                    [name] => centos-6.10-x86_64
                    [filename] => centos-6.10-x86_64.img
                    [size] => 1073741824
                    [pygrub] => 0
                    [drive] => 
                    [hvm] => 1
                    [perf_ops] => 1
                    [active] => 1
                    [url] => http://files.virtualizor.com/ostemplates.php?osid=849
                    [distro] => centos
                    [Nvirt] => xenhvm
                )

            [850] => Array
                (
                    [osid] => 850
                    [type] => xcp
                    [name] => centos-6.10-x86_64
                    [filename] => centos-6.10-x86_64.img
                    [size] => 1073741824
                    [pygrub] => 0
                    [drive] => 
                    [hvm] => 1
                    [perf_ops] => 1
                    [active] => 1
                    [url] => http://files.virtualizor.com/ostemplates.php?osid=850
                    [distro] => centos
                    [Nvirt] => xcphvm
                )

            [851] => Array
                (
                    [osid] => 851
                    [type] => vzk
                    [name] => centos-6.10-x86_64
                    [filename] => centos-6.10-x86_64.img
                    [size] => 1073741824
                    [pygrub] => 0
                    [drive] => 
                    [hvm] => 0
                    [perf_ops] => 1
                    [active] => 1
                    [url] => http://files.virtualizor.com/ostemplates.php?osid=851
                    [distro] => centos
                    [Nvirt] => vzk
                )

            [852] => Array
                (
                    [osid] => 852
                    [type] => proxk
                    [name] => centos-6.10-x86_64
                    [filename] => centos-6.10-x86_64.img
                    [size] => 1073741824
                    [pygrub] => 0
                    [drive] => 
                    [hvm] => 0
                    [perf_ops] => 1
                    [active] => 1
                    [url] => http://files.virtualizor.com/ostemplates.php?osid=852
                    [distro] => centos
                    [Nvirt] => proxk
                )

            [853] => Array
                (
                    [osid] => 853
                    [type] => xcp
                    [name] => centos-6.10-x86_64
                    [filename] => centos-6.10-x86_64.img.gz
                    [size] => 346992667
                    [pygrub] => 0
                    [drive] => 
                    [hvm] => 0
                    [perf_ops] => 1
                    [active] => 1
                    [url] => http://files.virtualizor.com/ostemplates.php?osid=853
                    [distro] => centos
                    [Nvirt] => xcp
                )

            [854] => Array
                (
                    [osid] => 854
                    [type] => lxc
                    [name] => ubuntu-18.04-x86_64
                    [filename] => ubuntu-18.04-x86_64.tar.gz
                    [size] => 306499007
                    [pygrub] => 0
                    [drive] => 
                    [hvm] => 0
                    [perf_ops] => 0
                    [active] => 1
                    [url] => http://files.virtualizor.com/ostemplates.php?osid=854
                    [distro] => ubuntu
                    [Nvirt] => lxc
                )

            [1129] => Array
                (
                    [osid] => 1129
                    [type] => proxl
                    [name] => ubuntu-22.04-x86_64
                    [filename] => ubuntu-22.04-x86_64.tar.gz
                    [size] => 254478174
                    [pygrub] => 0
                    [drive] => 
                    [hvm] => 0
                    [perf_ops] => 0
                    [active] => 1
                    [url] => http://files.virtualizor.com/ostemplates.php?osid=1129
                    [distro] => ubuntu
                    [Nvirt] => proxl
                )

            [858] => Array
                (
                    [osid] => 858
                    [type] => lxc
                    [name] => suse-42.3-x86_64
                    [filename] => suse-42.3-x86_64.tar.gz
                    [size] => 85076522
                    [pygrub] => 0
                    [drive] => 
                    [hvm] => 0
                    [perf_ops] => 0
                    [active] => 1
                    [url] => http://files.virtualizor.com/ostemplates.php?osid=858
                    [distro] => suse
                    [Nvirt] => lxc
                )

            [873] => Array
                (
                    [osid] => 873
                    [type] => lxc
                    [name] => debian-9.6-x86_64
                    [filename] => debian-9.6-x86_64.tar.gz
                    [size] => 149839991
                    [pygrub] => 0
                    [drive] => 
                    [hvm] => 0
                    [perf_ops] => 0
                    [active] => 1
                    [url] => http://files.virtualizor.com/ostemplates.php?osid=873
                    [distro] => debian
                    [Nvirt] => lxc
                )

            [875] => Array
                (
                    [osid] => 875
                    [type] => proxl
                    [name] => debian-9.6-x86_64
                    [filename] => debian-9.6-x86_64.tar.gz
                    [size] => 149839991
                    [pygrub] => 0
                    [drive] => 
                    [hvm] => 0
                    [perf_ops] => 0
                    [active] => 1
                    [url] => http://files.virtualizor.com/ostemplates.php?osid=875
                    [distro] => debian
                    [Nvirt] => proxl
                )

            [876] => Array
                (
                    [osid] => 876
                    [type] => proxl
                    [name] => ubuntu-18.04-x86_64
                    [filename] => ubuntu-18.04-x86_64.tar.gz
                    [size] => 306499007
                    [pygrub] => 0
                    [drive] => 
                    [hvm] => 0
                    [perf_ops] => 0
                    [active] => 1
                    [url] => http://files.virtualizor.com/ostemplates.php?osid=876
                    [distro] => ubuntu
                    [Nvirt] => proxl
                )

            [877] => Array
                (
                    [osid] => 877
                    [type] => xen
                    [name] => debian-10-x86_64
                    [filename] => debian-10-x86_64.img
                    [size] => 2738897408
                    [pygrub] => 0
                    [drive] => 
                    [hvm] => 1
                    [perf_ops] => 1
                    [active] => 1
                    [url] => http://files.virtualizor.com/ostemplates.php?osid=877
                    [distro] => debian
                    [Nvirt] => xenhvm
                )

            [878] => Array
                (
                    [osid] => 878
                    [type] => kvm
                    [name] => debian-10-x86_64
                    [filename] => debian-10-x86_64.img
                    [size] => 2738897408
                    [pygrub] => 0
                    [drive] => 
                    [hvm] => 0
                    [perf_ops] => 1
                    [active] => 1
                    [url] => http://files.virtualizor.com/ostemplates.php?osid=878
                    [distro] => debian
                    [Nvirt] => kvm
                )

            [879] => Array
                (
                    [osid] => 879
                    [type] => xcp
                    [name] => debian-10-x86_64
                    [filename] => debian-10-x86_64.img
                    [size] => 2738897408
                    [pygrub] => 0
                    [drive] => 
                    [hvm] => 1
                    [perf_ops] => 1
                    [active] => 1
                    [url] => http://files.virtualizor.com/ostemplates.php?osid=879
                    [distro] => debian
                    [Nvirt] => xcphvm
                )

            [880] => Array
                (
                    [osid] => 880
                    [type] => vzk
                    [name] => debian-10-x86_64
                    [filename] => debian-10-x86_64.img
                    [size] => 2738897408
                    [pygrub] => 0
                    [drive] => 
                    [hvm] => 0
                    [perf_ops] => 1
                    [active] => 1
                    [url] => http://files.virtualizor.com/ostemplates.php?osid=880
                    [distro] => debian
                    [Nvirt] => vzk
                )

            [881] => Array
                (
                    [osid] => 881
                    [type] => proxk
                    [name] => debian-10-x86_64
                    [filename] => debian-10-x86_64.img
                    [size] => 2738897408
                    [pygrub] => 0
                    [drive] => 
                    [hvm] => 0
                    [perf_ops] => 1
                    [active] => 1
                    [url] => http://files.virtualizor.com/ostemplates.php?osid=881
                    [distro] => debian
                    [Nvirt] => proxk
                )

            [882] => Array
                (
                    [osid] => 882
                    [type] => xcp
                    [name] => debian-10-x86_64
                    [filename] => debian-10-x86_64.img.gz
                    [size] => 554861984
                    [pygrub] => 0
                    [drive] => 
                    [hvm] => 0
                    [perf_ops] => 1
                    [active] => 1
                    [url] => http://files.virtualizor.com/ostemplates.php?osid=882
                    [distro] => debian
                    [Nvirt] => xcp
                )

            [895] => Array
                (
                    [osid] => 895
                    [type] => kvm
                    [name] => centos-8-x86_64
                    [filename] => centos-8-x86_64.img
                    [size] => 2042626048
                    [pygrub] => 0
                    [drive] => 
                    [hvm] => 0
                    [perf_ops] => 1
                    [active] => 1
                    [url] => http://files.virtualizor.com/ostemplates.php?osid=895
                    [distro] => centos
                    [Nvirt] => kvm
                )

            [896] => Array
                (
                    [osid] => 896
                    [type] => vzk
                    [name] => centos-8-x86_64
                    [filename] => centos-8-x86_64.img
                    [size] => 2042626048
                    [pygrub] => 0
                    [drive] => 
                    [hvm] => 0
                    [perf_ops] => 1
                    [active] => 1
                    [url] => http://files.virtualizor.com/ostemplates.php?osid=896
                    [distro] => centos
                    [Nvirt] => vzk
                )

            [897] => Array
                (
                    [osid] => 897
                    [type] => proxk
                    [name] => centos-8-x86_64
                    [filename] => centos-8-x86_64.img
                    [size] => 2042626048
                    [pygrub] => 0
                    [drive] => 
                    [hvm] => 0
                    [perf_ops] => 1
                    [active] => 1
                    [url] => http://files.virtualizor.com/ostemplates.php?osid=897
                    [distro] => centos
                    [Nvirt] => proxk
                )

            [932] => Array
                (
                    [osid] => 932
                    [type] => xen
                    [name] => suse-15.1-x86_64
                    [filename] => suse-15.1-x86_64.img
                    [size] => 2952790016
                    [pygrub] => 0
                    [drive] => 
                    [hvm] => 1
                    [perf_ops] => 1
                    [active] => 1
                    [url] => http://files.virtualizor.com/ostemplates.php?osid=932
                    [distro] => suse
                    [Nvirt] => xenhvm
                )

            [931] => Array
                (
                    [osid] => 931
                    [type] => proxk
                    [name] => suse-15.1-x86_64
                    [filename] => suse-15.1-x86_64.img
                    [size] => 2847932416
                    [pygrub] => 0
                    [drive] => 
                    [hvm] => 0
                    [perf_ops] => 1
                    [active] => 1
                    [url] => http://files.virtualizor.com/ostemplates.php?osid=931
                    [distro] => suse
                    [Nvirt] => proxk
                )

            [930] => Array
                (
                    [osid] => 930
                    [type] => vzk
                    [name] => suse-15.1-x86_64
                    [filename] => suse-15.1-x86_64.img
                    [size] => 2847932416
                    [pygrub] => 0
                    [drive] => 
                    [hvm] => 0
                    [perf_ops] => 1
                    [active] => 1
                    [url] => http://files.virtualizor.com/ostemplates.php?osid=930
                    [distro] => suse
                    [Nvirt] => vzk
                )

            [929] => Array
                (
                    [osid] => 929
                    [type] => kvm
                    [name] => suse-15.1-x86_64
                    [filename] => suse-15.1-x86_64.img
                    [size] => 2847932416
                    [pygrub] => 0
                    [drive] => 
                    [hvm] => 0
                    [perf_ops] => 1
                    [active] => 1
                    [url] => http://files.virtualizor.com/ostemplates.php?osid=929
                    [distro] => suse
                    [Nvirt] => kvm
                )

            [903] => Array
                (
                    [osid] => 903
                    [type] => vzo
                    [name] => centos-8-x86_64
                    [filename] => centos-8-x86_64.tar.gz
                    [size] => 244387990
                    [pygrub] => 0
                    [drive] => 
                    [hvm] => 0
                    [perf_ops] => 0
                    [active] => 1
                    [url] => http://files.virtualizor.com/ostemplates.php?osid=903
                    [distro] => centos
                    [Nvirt] => vzo
                )

            [904] => Array
                (
                    [osid] => 904
                    [type] => vzo
                    [name] => debian-9.12-x86_64
                    [filename] => debian-9.12-x86_64.tar.gz
                    [size] => 208585860
                    [pygrub] => 0
                    [drive] => 
                    [hvm] => 0
                    [perf_ops] => 0
                    [active] => 1
                    [url] => http://files.virtualizor.com/ostemplates.php?osid=904
                    [distro] => debian
                    [Nvirt] => vzo
                )

            [905] => Array
                (
                    [osid] => 905
                    [type] => vzo
                    [name] => debian-10.0-x86_64
                    [filename] => debian-10.0-x86_64.tar.gz
                    [size] => 229835640
                    [pygrub] => 0
                    [drive] => 
                    [hvm] => 0
                    [perf_ops] => 0
                    [active] => 1
                    [url] => http://files.virtualizor.com/ostemplates.php?osid=905
                    [distro] => debian
                    [Nvirt] => vzo
                )

            [906] => Array
                (
                    [osid] => 906
                    [type] => vzo
                    [name] => ubuntu-18.04-x86_64
                    [filename] => ubuntu-18.04-x86_64.tar.gz
                    [size] => 175150982
                    [pygrub] => 0
                    [drive] => 
                    [hvm] => 0
                    [perf_ops] => 0
                    [active] => 1
                    [url] => http://files.virtualizor.com/ostemplates.php?osid=906
                    [distro] => ubuntu
                    [Nvirt] => vzo
                )

            [907] => Array
                (
                    [osid] => 907
                    [type] => lxc
                    [name] => centos-8-x86_64
                    [filename] => centos-8-x86_64.tar.gz
                    [size] => 233171444
                    [pygrub] => 0
                    [drive] => 
                    [hvm] => 0
                    [perf_ops] => 0
                    [active] => 1
                    [url] => http://files.virtualizor.com/ostemplates.php?osid=907
                    [distro] => centos
                    [Nvirt] => lxc
                )

            [908] => Array
                (
                    [osid] => 908
                    [type] => lxc
                    [name] => debian-10-x86_64
                    [filename] => debian-10-x86_64.tar.gz
                    [size] => 266260296
                    [pygrub] => 0
                    [drive] => 
                    [hvm] => 0
                    [perf_ops] => 0
                    [active] => 1
                    [url] => http://files.virtualizor.com/ostemplates.php?osid=908
                    [distro] => debian
                    [Nvirt] => lxc
                )

            [909] => Array
                (
                    [osid] => 909
                    [type] => kvm
                    [name] => ubuntu-20.04-x86_64
                    [filename] => ubuntu-20.04-x86_64.img
                    [size] => 2311061504
                    [pygrub] => 0
                    [drive] => 
                    [hvm] => 0
                    [perf_ops] => 1
                    [active] => 1
                    [url] => http://files.virtualizor.com/ostemplates.php?osid=909
                    [distro] => ubuntu
                    [Nvirt] => kvm
                )

            [910] => Array
                (
                    [osid] => 910
                    [type] => xen
                    [name] => ubuntu-20.04-x86_64
                    [filename] => ubuntu-20.04-x86_64.img
                    [size] => 2311061504
                    [pygrub] => 0
                    [drive] => 
                    [hvm] => 1
                    [perf_ops] => 1
                    [active] => 1
                    [url] => http://files.virtualizor.com/ostemplates.php?osid=910
                    [distro] => ubuntu
                    [Nvirt] => xenhvm
                )

            [911] => Array
                (
                    [osid] => 911
                    [type] => xcp
                    [name] => ubuntu-20.04-x86_64
                    [filename] => ubuntu-20.04-x86_64.img
                    [size] => 2311061504
                    [pygrub] => 0
                    [drive] => 
                    [hvm] => 1
                    [perf_ops] => 1
                    [active] => 1
                    [url] => http://files.virtualizor.com/ostemplates.php?osid=911
                    [distro] => ubuntu
                    [Nvirt] => xcphvm
                )

            [912] => Array
                (
                    [osid] => 912
                    [type] => vzk
                    [name] => ubuntu-20.04-x86_64
                    [filename] => ubuntu-20.04-x86_64.img
                    [size] => 2311061504
                    [pygrub] => 0
                    [drive] => 
                    [hvm] => 0
                    [perf_ops] => 1
                    [active] => 1
                    [url] => http://files.virtualizor.com/ostemplates.php?osid=912
                    [distro] => ubuntu
                    [Nvirt] => vzk
                )

            [913] => Array
                (
                    [osid] => 913
                    [type] => proxk
                    [name] => ubuntu-20.04-x86_64
                    [filename] => ubuntu-20.04-x86_64.img
                    [size] => 2311061504
                    [pygrub] => 0
                    [drive] => 
                    [hvm] => 0
                    [perf_ops] => 1
                    [active] => 1
                    [url] => http://files.virtualizor.com/ostemplates.php?osid=913
                    [distro] => ubuntu
                    [Nvirt] => proxk
                )

            [1128] => Array
                (
                    [osid] => 1128
                    [type] => lxc
                    [name] => ubuntu-22.04-x86_64
                    [filename] => ubuntu-22.04-x86_64.tar.gz
                    [size] => 254478174
                    [pygrub] => 0
                    [drive] => 
                    [hvm] => 0
                    [perf_ops] => 0
                    [active] => 1
                    [url] => http://files.virtualizor.com/ostemplates.php?osid=1128
                    [distro] => ubuntu
                    [Nvirt] => lxc
                )

            [1127] => Array
                (
                    [osid] => 1127
                    [type] => proxk
                    [name] => windows-2016-scsi-virtio
                    [filename] => windows-2016-scsi-virtio.qcow2
                    [size] => 9992261632
                    [pygrub] => 0
                    [drive] => 
                    [hvm] => 0
                    [perf_ops] => 1
                    [active] => 1
                    [url] => http://files.virtualizor.com/ostemplates.php?osid=1127
                    [distro] => windows
                    [Nvirt] => proxk
                )

            [1126] => Array
                (
                    [osid] => 1126
                    [type] => vzk
                    [name] => windows-2016-scsi-virtio
                    [filename] => windows-2016-scsi-virtio.qcow2
                    [size] => 9992261632
                    [pygrub] => 0
                    [drive] => 
                    [hvm] => 0
                    [perf_ops] => 1
                    [active] => 1
                    [url] => http://files.virtualizor.com/ostemplates.php?osid=1126
                    [distro] => windows
                    [Nvirt] => vzk
                )

            [1125] => Array
                (
                    [osid] => 1125
                    [type] => kvm
                    [name] => windows-2016-scsi-virtio
                    [filename] => windows-2016-scsi-virtio.qcow2
                    [size] => 9992261632
                    [pygrub] => 0
                    [drive] => 
                    [hvm] => 0
                    [perf_ops] => 1
                    [active] => 1
                    [url] => http://files.virtualizor.com/ostemplates.php?osid=1125
                    [distro] => windows
                    [Nvirt] => kvm
                )

            [1124] => Array
                (
                    [osid] => 1124
                    [type] => proxk
                    [name] => windows-2019-scsi-virtio
                    [filename] => windows-2019-scsi-virtio.qcow2
                    [size] => 10189045760
                    [pygrub] => 0
                    [drive] => 
                    [hvm] => 0
                    [perf_ops] => 1
                    [active] => 1
                    [url] => http://files.virtualizor.com/ostemplates.php?osid=1124
                    [distro] => windows
                    [Nvirt] => proxk
                )

            [1123] => Array
                (
                    [osid] => 1123
                    [type] => vzk
                    [name] => windows-2019-scsi-virtio
                    [filename] => windows-2019-scsi-virtio.qcow2
                    [size] => 10189045760
                    [pygrub] => 0
                    [drive] => 
                    [hvm] => 0
                    [perf_ops] => 1
                    [active] => 1
                    [url] => http://files.virtualizor.com/ostemplates.php?osid=1123
                    [distro] => windows
                    [Nvirt] => vzk
                )

            [1122] => Array
                (
                    [osid] => 1122
                    [type] => kvm
                    [name] => windows-2019-scsi-virtio
                    [filename] => windows-2019-scsi-virtio.qcow2
                    [size] => 10189045760
                    [pygrub] => 0
                    [drive] => 
                    [hvm] => 0
                    [perf_ops] => 1
                    [active] => 1
                    [url] => http://files.virtualizor.com/ostemplates.php?osid=1122
                    [distro] => windows
                    [Nvirt] => kvm
                )

            [1121] => Array
                (
                    [osid] => 1121
                    [type] => proxk
                    [name] => windows-2022-scsi-virtio
                    [filename] => windows-2022-scsi-virtio.qcow2
                    [size] => 9683847680
                    [pygrub] => 0
                    [drive] => 
                    [hvm] => 0
                    [perf_ops] => 1
                    [active] => 1
                    [url] => http://files.virtualizor.com/ostemplates.php?osid=1121
                    [distro] => windows
                    [Nvirt] => proxk
                )

            [1120] => Array
                (
                    [osid] => 1120
                    [type] => vzk
                    [name] => windows-2022-scsi-virtio
                    [filename] => windows-2022-scsi-virtio.qcow2
                    [size] => 9683847680
                    [pygrub] => 0
                    [drive] => 
                    [hvm] => 0
                    [perf_ops] => 1
                    [active] => 1
                    [url] => http://files.virtualizor.com/ostemplates.php?osid=1120
                    [distro] => windows
                    [Nvirt] => vzk
                )

            [1119] => Array
                (
                    [osid] => 1119
                    [type] => kvm
                    [name] => windows-2022-scsi-virtio
                    [filename] => windows-2022-scsi-virtio.qcow2
                    [size] => 9683847680
                    [pygrub] => 0
                    [drive] => 
                    [hvm] => 0
                    [perf_ops] => 1
                    [active] => 1
                    [url] => http://files.virtualizor.com/ostemplates.php?osid=1119
                    [distro] => windows
                    [Nvirt] => kvm
                )

            [933] => Array
                (
                    [osid] => 933
                    [type] => xcp
                    [name] => suse-15.1-x86_64
                    [filename] => suse-15.1-x86_64.img
                    [size] => 2952790016
                    [pygrub] => 0
                    [drive] => 
                    [hvm] => 1
                    [perf_ops] => 1
                    [active] => 1
                    [url] => http://files.virtualizor.com/ostemplates.php?osid=933
                    [distro] => suse
                    [Nvirt] => xcphvm
                )

            [1111] => Array
                (
                    [osid] => 1111
                    [type] => xcp
                    [name] => ubuntu-24.04-x86_64
                    [filename] => ubuntu-24.04-x86_64.img
                    [size] => 2793406464
                    [pygrub] => 0
                    [drive] => 
                    [hvm] => 1
                    [perf_ops] => 1
                    [active] => 1
                    [url] => http://files.virtualizor.com/ostemplates.php?osid=1111
                    [distro] => ubuntu
                    [Nvirt] => xcphvm
                )

            [1110] => Array
                (
                    [osid] => 1110
                    [type] => proxk
                    [name] => ubuntu-24.04-x86_64
                    [filename] => ubuntu-24.04-x86_64.img
                    [size] => 2793406464
                    [pygrub] => 0
                    [drive] => 
                    [hvm] => 0
                    [perf_ops] => 1
                    [active] => 1
                    [url] => http://files.virtualizor.com/ostemplates.php?osid=1110
                    [distro] => ubuntu
                    [Nvirt] => proxk
                )

            [1109] => Array
                (
                    [osid] => 1109
                    [type] => vzk
                    [name] => ubuntu-24.04-x86_64
                    [filename] => ubuntu-24.04-x86_64.img
                    [size] => 2793406464
                    [pygrub] => 0
                    [drive] => 
                    [hvm] => 0
                    [perf_ops] => 1
                    [active] => 1
                    [url] => http://files.virtualizor.com/ostemplates.php?osid=1109
                    [distro] => ubuntu
                    [Nvirt] => vzk
                )

            [1108] => Array
                (
                    [osid] => 1108
                    [type] => kvm
                    [name] => ubuntu-24.04-x86_64
                    [filename] => ubuntu-24.04-x86_64.img
                    [size] => 2793406464
                    [pygrub] => 0
                    [drive] => 
                    [hvm] => 0
                    [perf_ops] => 1
                    [active] => 1
                    [url] => http://files.virtualizor.com/ostemplates.php?osid=1108
                    [distro] => ubuntu
                    [Nvirt] => kvm
                )

            [946] => Array
                (
                    [osid] => 946
                    [type] => xcp
                    [name] => centos-8.2-x86_64
                    [filename] => centos-8.2-x86_64.img
                    [size] => 1665138688
                    [pygrub] => 0
                    [drive] => 
                    [hvm] => 1
                    [perf_ops] => 1
                    [active] => 1
                    [url] => http://files.virtualizor.com/ostemplates.php?osid=946
                    [distro] => centos
                    [Nvirt] => xcphvm
                )

            [947] => Array
                (
                    [osid] => 947
                    [type] => vzo
                    [name] => ubuntu-20.04-x86_64
                    [filename] => ubuntu-20.04-x86_64.tar.gz
                    [size] => 185599043
                    [pygrub] => 0
                    [drive] => 
                    [hvm] => 0
                    [perf_ops] => 0
                    [active] => 1
                    [url] => http://files.virtualizor.com/ostemplates.php?osid=947
                    [distro] => ubuntu
                    [Nvirt] => vzo
                )

            [948] => Array
                (
                    [osid] => 948
                    [type] => lxc
                    [name] => ubuntu-20.04-x86_64
                    [filename] => ubuntu-20.04-x86_64.tar.gz
                    [size] => 306638753
                    [pygrub] => 0
                    [drive] => 
                    [hvm] => 0
                    [perf_ops] => 0
                    [active] => 1
                    [url] => http://files.virtualizor.com/ostemplates.php?osid=948
                    [distro] => ubuntu
                    [Nvirt] => lxc
                )

            [949] => Array
                (
                    [osid] => 949
                    [type] => proxl
                    [name] => ubuntu-20.04-x86_64
                    [filename] => ubuntu-20.04-x86_64.tar.gz
                    [size] => 306638753
                    [pygrub] => 0
                    [drive] => 
                    [hvm] => 0
                    [perf_ops] => 0
                    [active] => 1
                    [url] => http://files.virtualizor.com/ostemplates.php?osid=949
                    [distro] => ubuntu
                    [Nvirt] => proxl
                )

            [1107] => Array
                (
                    [osid] => 1107
                    [type] => xen
                    [name] => webuzo-ubuntu-22.04-x86_64
                    [filename] => webuzo-ubuntu-22.04-x86_64.img
                    [size] => 5455740928
                    [pygrub] => 0
                    [drive] => 
                    [hvm] => 1
                    [perf_ops] => 1
                    [active] => 1
                    [url] => http://files.virtualizor.com/ostemplates.php?osid=1107
                    [distro] => webuzo
                    [Nvirt] => xenhvm
                )

            [1106] => Array
                (
                    [osid] => 1106
                    [type] => xcp
                    [name] => webuzo-ubuntu-22.04-x86_64
                    [filename] => webuzo-ubuntu-22.04-x86_64.img
                    [size] => 5455740928
                    [pygrub] => 0
                    [drive] => 
                    [hvm] => 1
                    [perf_ops] => 1
                    [active] => 1
                    [url] => http://files.virtualizor.com/ostemplates.php?osid=1106
                    [distro] => webuzo
                    [Nvirt] => xcphvm
                )

            [1105] => Array
                (
                    [osid] => 1105
                    [type] => proxk
                    [name] => webuzo-ubuntu-22.04-x86_64
                    [filename] => webuzo-ubuntu-22.04-x86_64.img
                    [size] => 5455740928
                    [pygrub] => 0
                    [drive] => 
                    [hvm] => 0
                    [perf_ops] => 1
                    [active] => 1
                    [url] => http://files.virtualizor.com/ostemplates.php?osid=1105
                    [distro] => webuzo
                    [Nvirt] => proxk
                )

            [1104] => Array
                (
                    [osid] => 1104
                    [type] => vzk
                    [name] => webuzo-ubuntu-22.04-x86_64
                    [filename] => webuzo-ubuntu-22.04-x86_64.img
                    [size] => 5455740928
                    [pygrub] => 0
                    [drive] => 
                    [hvm] => 0
                    [perf_ops] => 1
                    [active] => 1
                    [url] => http://files.virtualizor.com/ostemplates.php?osid=1104
                    [distro] => webuzo
                    [Nvirt] => vzk
                )

            [1103] => Array
                (
                    [osid] => 1103
                    [type] => kvm
                    [name] => webuzo-ubuntu-22.04-x86_64
                    [filename] => webuzo-ubuntu-22.04-x86_64.img
                    [size] => 5455740928
                    [pygrub] => 0
                    [drive] => 
                    [hvm] => 0
                    [perf_ops] => 1
                    [active] => 1
                    [url] => http://files.virtualizor.com/ostemplates.php?osid=1103
                    [distro] => webuzo
                    [Nvirt] => kvm
                )

            [955] => Array
                (
                    [osid] => 955
                    [type] => kvm
                    [name] => centos-7.8-x86_64
                    [filename] => centos-7.8-x86_64.img
                    [size] => 1560281088
                    [pygrub] => 0
                    [drive] => 
                    [hvm] => 0
                    [perf_ops] => 1
                    [active] => 1
                    [url] => http://files.virtualizor.com/ostemplates.php?osid=955
                    [distro] => centos
                    [Nvirt] => kvm
                )

            [956] => Array
                (
                    [osid] => 956
                    [type] => vzk
                    [name] => centos-7.8-x86_64
                    [filename] => centos-7.8-x86_64.img
                    [size] => 1560281088
                    [pygrub] => 0
                    [drive] => 
                    [hvm] => 0
                    [perf_ops] => 1
                    [active] => 1
                    [url] => http://files.virtualizor.com/ostemplates.php?osid=956
                    [distro] => centos
                    [Nvirt] => vzk
                )

            [957] => Array
                (
                    [osid] => 957
                    [type] => proxk
                    [name] => centos-7.8-x86_64
                    [filename] => centos-7.8-x86_64.img
                    [size] => 1560281088
                    [pygrub] => 0
                    [drive] => 
                    [hvm] => 0
                    [perf_ops] => 1
                    [active] => 1
                    [url] => http://files.virtualizor.com/ostemplates.php?osid=957
                    [distro] => centos
                    [Nvirt] => proxk
                )

            [958] => Array
                (
                    [osid] => 958
                    [type] => xcp
                    [name] => centos-7.8-x86_64
                    [filename] => centos-7.8-x86_64.img.gz
                    [size] => 651950050
                    [pygrub] => 0
                    [drive] => 
                    [hvm] => 0
                    [perf_ops] => 1
                    [active] => 1
                    [url] => http://files.virtualizor.com/ostemplates.php?osid=958
                    [distro] => centos
                    [Nvirt] => xcp
                )

            [959] => Array
                (
                    [osid] => 959
                    [type] => xen
                    [name] => centos-7.8-x86_64
                    [filename] => centos-7.8-x86_64.img
                    [size] => 1610612736
                    [pygrub] => 0
                    [drive] => 
                    [hvm] => 1
                    [perf_ops] => 1
                    [active] => 1
                    [url] => http://files.virtualizor.com/ostemplates.php?osid=959
                    [distro] => centos
                    [Nvirt] => xenhvm
                )

            [960] => Array
                (
                    [osid] => 960
                    [type] => xcp
                    [name] => centos-7.8-x86_64
                    [filename] => centos-7.8-x86_64.img
                    [size] => 1610612736
                    [pygrub] => 0
                    [drive] => 
                    [hvm] => 1
                    [perf_ops] => 1
                    [active] => 1
                    [url] => http://files.virtualizor.com/ostemplates.php?osid=960
                    [distro] => centos
                    [Nvirt] => xcphvm
                )

            [961] => Array
                (
                    [osid] => 961
                    [type] => kvm
                    [name] => centos-7.9-x86_64
                    [filename] => centos-7.9-x86_64.img
                    [size] => 2856353792
                    [pygrub] => 0
                    [drive] => 
                    [hvm] => 0
                    [perf_ops] => 1
                    [active] => 1
                    [url] => http://files.virtualizor.com/ostemplates.php?osid=961
                    [distro] => centos
                    [Nvirt] => kvm
                )

            [962] => Array
                (
                    [osid] => 962
                    [type] => vzk
                    [name] => centos-7.9-x86_64
                    [filename] => centos-7.9-x86_64.img
                    [size] => 2856353792
                    [pygrub] => 0
                    [drive] => 
                    [hvm] => 0
                    [perf_ops] => 1
                    [active] => 1
                    [url] => http://files.virtualizor.com/ostemplates.php?osid=962
                    [distro] => centos
                    [Nvirt] => vzk
                )

            [963] => Array
                (
                    [osid] => 963
                    [type] => proxk
                    [name] => centos-7.9-x86_64
                    [filename] => centos-7.9-x86_64.img
                    [size] => 2856353792
                    [pygrub] => 0
                    [drive] => 
                    [hvm] => 0
                    [perf_ops] => 1
                    [active] => 1
                    [url] => http://files.virtualizor.com/ostemplates.php?osid=963
                    [distro] => centos
                    [Nvirt] => proxk
                )

            [964] => Array
                (
                    [osid] => 964
                    [type] => xcp
                    [name] => centos-7.9-x86_64
                    [filename] => centos-7.9-x86_64.img.gz
                    [size] => 639514339
                    [pygrub] => 0
                    [drive] => 
                    [hvm] => 0
                    [perf_ops] => 1
                    [active] => 1
                    [url] => http://files.virtualizor.com/ostemplates.php?osid=964
                    [distro] => centos
                    [Nvirt] => xcp
                )

            [965] => Array
                (
                    [osid] => 965
                    [type] => xen
                    [name] => centos-7.9-x86_64
                    [filename] => centos-7.9-x86_64.img
                    [size] => 1610612736
                    [pygrub] => 0
                    [drive] => 
                    [hvm] => 1
                    [perf_ops] => 1
                    [active] => 1
                    [url] => http://files.virtualizor.com/ostemplates.php?osid=965
                    [distro] => centos
                    [Nvirt] => xenhvm
                )

            [966] => Array
                (
                    [osid] => 966
                    [type] => xcp
                    [name] => centos-7.9-x86_64
                    [filename] => centos-7.9-x86_64.img
                    [size] => 1610612736
                    [pygrub] => 0
                    [drive] => 
                    [hvm] => 1
                    [perf_ops] => 1
                    [active] => 1
                    [url] => http://files.virtualizor.com/ostemplates.php?osid=966
                    [distro] => centos
                    [Nvirt] => xcphvm
                )

            [979] => Array
                (
                    [osid] => 979
                    [type] => kvm
                    [name] => debian-11-x86_64
                    [filename] => debian-11-x86_64.img
                    [size] => 2793406464
                    [pygrub] => 0
                    [drive] => 
                    [hvm] => 0
                    [perf_ops] => 1
                    [active] => 1
                    [url] => http://files.virtualizor.com/ostemplates.php?osid=979
                    [distro] => debian
                    [Nvirt] => kvm
                )

            [980] => Array
                (
                    [osid] => 980
                    [type] => xen
                    [name] => debian-11-x86_64
                    [filename] => debian-11-x86_64.img
                    [size] => 2793406464
                    [pygrub] => 0
                    [drive] => 
                    [hvm] => 1
                    [perf_ops] => 1
                    [active] => 1
                    [url] => http://files.virtualizor.com/ostemplates.php?osid=980
                    [distro] => debian
                    [Nvirt] => xenhvm
                )

            [981] => Array
                (
                    [osid] => 981
                    [type] => xcp
                    [name] => debian-11-x86_64
                    [filename] => debian-11-x86_64.img
                    [size] => 2793406464
                    [pygrub] => 0
                    [drive] => 
                    [hvm] => 1
                    [perf_ops] => 1
                    [active] => 1
                    [url] => http://files.virtualizor.com/ostemplates.php?osid=981
                    [distro] => debian
                    [Nvirt] => xcphvm
                )

            [982] => Array
                (
                    [osid] => 982
                    [type] => vzk
                    [name] => debian-11-x86_64
                    [filename] => debian-11-x86_64.img
                    [size] => 2793406464
                    [pygrub] => 0
                    [drive] => 
                    [hvm] => 0
                    [perf_ops] => 1
                    [active] => 1
                    [url] => http://files.virtualizor.com/ostemplates.php?osid=982
                    [distro] => debian
                    [Nvirt] => vzk
                )

            [983] => Array
                (
                    [osid] => 983
                    [type] => proxk
                    [name] => debian-11-x86_64
                    [filename] => debian-11-x86_64.img
                    [size] => 2793406464
                    [pygrub] => 0
                    [drive] => 
                    [hvm] => 0
                    [perf_ops] => 1
                    [active] => 1
                    [url] => http://files.virtualizor.com/ostemplates.php?osid=983
                    [distro] => debian
                    [Nvirt] => proxk
                )

            [984] => Array
                (
                    [osid] => 984
                    [type] => lxc
                    [name] => debian-11-x86_64
                    [filename] => debian-11-x86_64.tar.gz
                    [size] => 163622333
                    [pygrub] => 0
                    [drive] => 
                    [hvm] => 0
                    [perf_ops] => 0
                    [active] => 1
                    [url] => http://files.virtualizor.com/ostemplates.php?osid=984
                    [distro] => debian
                    [Nvirt] => lxc
                )

            [985] => Array
                (
                    [osid] => 985
                    [type] => proxl
                    [name] => debian-11-x86_64
                    [filename] => debian-11-x86_64.tar.gz
                    [size] => 163622333
                    [pygrub] => 0
                    [drive] => 
                    [hvm] => 0
                    [perf_ops] => 0
                    [active] => 1
                    [url] => http://files.virtualizor.com/ostemplates.php?osid=985
                    [distro] => debian
                    [Nvirt] => proxl
                )

            [1114] => Array
                (
                    [osid] => 1114
                    [type] => vzk
                    [name] => almalinux-9.4-x86_64
                    [filename] => almalinux-9.4-x86_64.img
                    [size] => 2621440000
                    [pygrub] => 0
                    [drive] => 
                    [hvm] => 0
                    [perf_ops] => 1
                    [active] => 1
                    [url] => http://files.virtualizor.com/ostemplates.php?osid=1114
                    [distro] => almalinux
                    [Nvirt] => vzk
                )

            [988] => Array
                (
                    [osid] => 988
                    [type] => lxc
                    [name] => fedora-34-x86_64
                    [filename] => fedora-34-x86_64.tar.gz
                    [size] => 425583556
                    [pygrub] => 0
                    [drive] => 
                    [hvm] => 0
                    [perf_ops] => 0
                    [active] => 1
                    [url] => http://files.virtualizor.com/ostemplates.php?osid=988
                    [distro] => fedora
                    [Nvirt] => lxc
                )

            [989] => Array
                (
                    [osid] => 989
                    [type] => proxl
                    [name] => fedora-34-x86_64
                    [filename] => fedora-34-x86_64.tar.gz
                    [size] => 425583556
                    [pygrub] => 0
                    [drive] => 
                    [hvm] => 0
                    [perf_ops] => 0
                    [active] => 1
                    [url] => http://files.virtualizor.com/ostemplates.php?osid=989
                    [distro] => fedora
                    [Nvirt] => proxl
                )

            [1118] => Array
                (
                    [osid] => 1118
                    [type] => proxk
                    [name] => oracle-9.4-x86_64
                    [filename] => oracle-9.4-x86_64.img
                    [size] => 2910846976
                    [pygrub] => 0
                    [drive] => 
                    [hvm] => 0
                    [perf_ops] => 1
                    [active] => 1
                    [url] => http://files.virtualizor.com/ostemplates.php?osid=1118
                    [distro] => oracle
                    [Nvirt] => proxk
                )

            [1117] => Array
                (
                    [osid] => 1117
                    [type] => vzk
                    [name] => oracle-9.4-x86_64
                    [filename] => oracle-9.4-x86_64.img
                    [size] => 2910846976
                    [pygrub] => 0
                    [drive] => 
                    [hvm] => 0
                    [perf_ops] => 1
                    [active] => 1
                    [url] => http://files.virtualizor.com/ostemplates.php?osid=1117
                    [distro] => oracle
                    [Nvirt] => vzk
                )

            [1116] => Array
                (
                    [osid] => 1116
                    [type] => kvm
                    [name] => oracle-9.4-x86_64
                    [filename] => oracle-9.4-x86_64.img
                    [size] => 2910846976
                    [pygrub] => 0
                    [drive] => 
                    [hvm] => 0
                    [perf_ops] => 1
                    [active] => 1
                    [url] => http://files.virtualizor.com/ostemplates.php?osid=1116
                    [distro] => oracle
                    [Nvirt] => kvm
                )

            [1115] => Array
                (
                    [osid] => 1115
                    [type] => proxk
                    [name] => almalinux-9.4-x86_64
                    [filename] => almalinux-9.4-x86_64.img
                    [size] => 2621440000
                    [pygrub] => 0
                    [drive] => 
                    [hvm] => 0
                    [perf_ops] => 1
                    [active] => 1
                    [url] => http://files.virtualizor.com/ostemplates.php?osid=1115
                    [distro] => almalinux
                    [Nvirt] => proxk
                )

            [995] => Array
                (
                    [osid] => 995
                    [type] => kvm
                    [name] => fedora-34-x86_64
                    [filename] => fedora-34-x86_64.img
                    [size] => 2805989376
                    [pygrub] => 0
                    [drive] => 
                    [hvm] => 0
                    [perf_ops] => 1
                    [active] => 1
                    [url] => http://files.virtualizor.com/ostemplates.php?osid=995
                    [distro] => fedora
                    [Nvirt] => kvm
                )

            [996] => Array
                (
                    [osid] => 996
                    [type] => vzk
                    [name] => fedora-34-x86_64
                    [filename] => fedora-34-x86_64.img
                    [size] => 2805989376
                    [pygrub] => 0
                    [drive] => 
                    [hvm] => 0
                    [perf_ops] => 1
                    [active] => 1
                    [url] => http://files.virtualizor.com/ostemplates.php?osid=996
                    [distro] => fedora
                    [Nvirt] => vzk
                )

            [997] => Array
                (
                    [osid] => 997
                    [type] => proxk
                    [name] => fedora-34-x86_64
                    [filename] => fedora-34-x86_64.img
                    [size] => 2805989376
                    [pygrub] => 0
                    [drive] => 
                    [hvm] => 0
                    [perf_ops] => 1
                    [active] => 1
                    [url] => http://files.virtualizor.com/ostemplates.php?osid=997
                    [distro] => fedora
                    [Nvirt] => proxk
                )

            [998] => Array
                (
                    [osid] => 998
                    [type] => xen
                    [name] => fedora-34-x86_64
                    [filename] => fedora-34-x86_64.img
                    [size] => 1816133632
                    [pygrub] => 0
                    [drive] => 
                    [hvm] => 1
                    [perf_ops] => 1
                    [active] => 1
                    [url] => http://files.virtualizor.com/ostemplates.php?osid=998
                    [distro] => fedora
                    [Nvirt] => xenhvm
                )

            [999] => Array
                (
                    [osid] => 999
                    [type] => xcp
                    [name] => fedora-34-x86_64
                    [filename] => fedora-34-x86_64.img
                    [size] => 1816133632
                    [pygrub] => 0
                    [drive] => 
                    [hvm] => 1
                    [perf_ops] => 1
                    [active] => 1
                    [url] => http://files.virtualizor.com/ostemplates.php?osid=999
                    [distro] => fedora
                    [Nvirt] => xcphvm
                )

            [1001] => Array
                (
                    [osid] => 1001
                    [type] => xen
                    [name] => rocky-8.4-x86_64
                    [filename] => rocky-8.4-x86_64.img
                    [size] => 2407530496
                    [pygrub] => 0
                    [drive] => 
                    [hvm] => 1
                    [perf_ops] => 1
                    [active] => 1
                    [url] => http://files.virtualizor.com/ostemplates.php?osid=1001
                    [distro] => rocky
                    [Nvirt] => xenhvm
                )

            [1004] => Array
                (
                    [osid] => 1004
                    [type] => xcp
                    [name] => rocky-8.4-x86_64
                    [filename] => rocky-8.4-x86_64.img
                    [size] => 2407530496
                    [pygrub] => 0
                    [drive] => 
                    [hvm] => 1
                    [perf_ops] => 1
                    [active] => 1
                    [url] => http://files.virtualizor.com/ostemplates.php?osid=1004
                    [distro] => rocky
                    [Nvirt] => xcphvm
                )

            [1005] => Array
                (
                    [osid] => 1005
                    [type] => vzo
                    [name] => debian-11.0-x86_64
                    [filename] => debian-11.0-x86_64.tar.gz
                    [size] => 281667242
                    [pygrub] => 0
                    [drive] => 
                    [hvm] => 0
                    [perf_ops] => 0
                    [active] => 1
                    [url] => http://files.virtualizor.com/ostemplates.php?osid=1005
                    [distro] => debian
                    [Nvirt] => vzo
                )

            [1006] => Array
                (
                    [osid] => 1006
                    [type] => vzo
                    [name] => almalinux-8-x86_64
                    [filename] => almalinux-8-x86_64.tar.gz
                    [size] => 300587412
                    [pygrub] => 0
                    [drive] => 
                    [hvm] => 0
                    [perf_ops] => 0
                    [active] => 1
                    [url] => http://files.virtualizor.com/ostemplates.php?osid=1006
                    [distro] => almalinux
                    [Nvirt] => vzo
                )

            [1017] => Array
                (
                    [osid] => 1017
                    [type] => kvm
                    [name] => ubuntu-22.04-x86_64
                    [filename] => ubuntu-22.04-x86_64.img
                    [size] => 4114612224
                    [pygrub] => 0
                    [drive] => 
                    [hvm] => 0
                    [perf_ops] => 1
                    [active] => 1
                    [url] => http://files.virtualizor.com/ostemplates.php?osid=1017
                    [distro] => ubuntu
                    [Nvirt] => kvm
                )

            [1021] => Array
                (
                    [osid] => 1021
                    [type] => proxk
                    [name] => ubuntu-22.04-x86_64
                    [filename] => ubuntu-22.04-x86_64.img
                    [size] => 4114612224
                    [pygrub] => 0
                    [drive] => 
                    [hvm] => 0
                    [perf_ops] => 1
                    [active] => 1
                    [url] => http://files.virtualizor.com/ostemplates.php?osid=1021
                    [distro] => ubuntu
                    [Nvirt] => proxk
                )

            [1022] => Array
                (
                    [osid] => 1022
                    [type] => xen
                    [name] => ubuntu-22.04-x86_64
                    [filename] => ubuntu-22.04-x86_64.img
                    [size] => 4114612224
                    [pygrub] => 0
                    [drive] => 
                    [hvm] => 1
                    [perf_ops] => 1
                    [active] => 1
                    [url] => http://files.virtualizor.com/ostemplates.php?osid=1022
                    [distro] => ubuntu
                    [Nvirt] => xenhvm
                )

            [1023] => Array
                (
                    [osid] => 1023
                    [type] => xcp
                    [name] => ubuntu-22.04-x86_64
                    [filename] => ubuntu-22.04-x86_64.img
                    [size] => 4114612224
                    [pygrub] => 0
                    [drive] => 
                    [hvm] => 1
                    [perf_ops] => 1
                    [active] => 1
                    [url] => http://files.virtualizor.com/ostemplates.php?osid=1023
                    [distro] => ubuntu
                    [Nvirt] => xcphvm
                )

            [1024] => Array
                (
                    [osid] => 1024
                    [type] => vzk
                    [name] => ubuntu-22.04-x86_64
                    [filename] => ubuntu-22.04-x86_64.img
                    [size] => 4114612224
                    [pygrub] => 0
                    [drive] => 
                    [hvm] => 0
                    [perf_ops] => 1
                    [active] => 1
                    [url] => http://files.virtualizor.com/ostemplates.php?osid=1024
                    [distro] => ubuntu
                    [Nvirt] => vzk
                )

            [1025] => Array
                (
                    [osid] => 1025
                    [type] => kvm
                    [name] => oracle-8.6-x86_64
                    [filename] => oracle-8.6-x86_64.img
                    [size] => 4163895296
                    [pygrub] => 0
                    [drive] => 
                    [hvm] => 0
                    [perf_ops] => 1
                    [active] => 1
                    [url] => http://files.virtualizor.com/ostemplates.php?osid=1025
                    [distro] => oracle
                    [Nvirt] => kvm
                )

            [1026] => Array
                (
                    [osid] => 1026
                    [type] => vzk
                    [name] => oracle-8.6-x86_64
                    [filename] => oracle-8.6-x86_64.img
                    [size] => 4163895296
                    [pygrub] => 0
                    [drive] => 
                    [hvm] => 0
                    [perf_ops] => 1
                    [active] => 1
                    [url] => http://files.virtualizor.com/ostemplates.php?osid=1026
                    [distro] => oracle
                    [Nvirt] => vzk
                )

            [1027] => Array
                (
                    [osid] => 1027
                    [type] => proxk
                    [name] => oracle-8.6-x86_64
                    [filename] => oracle-8.6-x86_64.img
                    [size] => 4163895296
                    [pygrub] => 0
                    [drive] => 
                    [hvm] => 0
                    [perf_ops] => 1
                    [active] => 1
                    [url] => http://files.virtualizor.com/ostemplates.php?osid=1027
                    [distro] => oracle
                    [Nvirt] => proxk
                )

        )

    [oslist] => Array
        (
            [kvm] => Array
                (
                    [ubuntu] => Array
                        (
                            [1108] => Array
                                (
                                    [osid] => 1108
                                    [type] => kvm
                                    [name] => ubuntu-24.04-x86_64
                                    [filename] => ubuntu-24.04-x86_64.img
                                    [size] => 2793406464
                                    [pygrub] => 0
                                    [drive] => 
                                    [hvm] => 0
                                    [perf_ops] => 1
                                    [active] => 1
                                    [url] => http://files.virtualizor.com/ostemplates.php?osid=1108
                                    [distro] => ubuntu
                                    [Nvirt] => kvm
                                )

                        )

                    [almalinux] => Array
                        (
                            [1138] => Array
                                (
                                    [osid] => 1138
                                    [type] => kvm
                                    [name] => almalinux-9.5-x86_64
                                    [filename] => almalinux-9.5-x86_64.qcow2
                                    [size] => 1044861952
                                    [pygrub] => 0
                                    [drive] => 
                                    [hvm] => 0
                                    [perf_ops] => 1
                                    [active] => 1
                                    [url] => http://files.virtualizor.com/ostemplates.php?osid=1138
                                    [distro] => almalinux
                                    [Nvirt] => kvm
                                )

                        )

                )

        )

    [ostemplates] => Array
        (
            [1138] => Array
                (
                    [osid] => 1138
                    [type] => kvm
                    [name] => almalinux-9.5-x86_64
                    [filename] => almalinux-9.5-x86_64.qcow2
                    [size] => 1044861952
                    [pygrub] => 0
                    [drive] => 
                    [hvm] => 0
                    [perf_ops] => 1
                    [active] => 1
                    [url] => http://files.virtualizor.com/ostemplates.php?osid=1138
                    [distro] => almalinux
                    [Nvirt] => kvm
                )

            [1108] => Array
                (
                    [osid] => 1108
                    [type] => kvm
                    [name] => ubuntu-24.04-x86_64
                    [filename] => ubuntu-24.04-x86_64.img
                    [size] => 2793406464
                    [pygrub] => 0
                    [drive] => 
                    [hvm] => 0
                    [perf_ops] => 1
                    [active] => 1
                    [url] => http://files.virtualizor.com/ostemplates.php?osid=1108
                    [distro] => ubuntu
                    [Nvirt] => kvm
                )

        )

    [resources] => Array
        (
            [licnumvs] => 0
            [ram] => 77037
            [space] => 668.54
            [total_ram] => 128767
            [total_space] => 887.24
            [check_kernel] => 1
            [overcommit] => 0
            [lv] => 
            [thin_lv] => 
            [disk_path] => 
            [cpu_model] => Array
                (
                    [486] => 486
                    [pentium] => pentium
                    [pentium2] => pentium2
                    [pentium3] => pentium3
                    [pentiumpro] => pentiumpro
                    [coreduo] => coreduo
                    [n270] => n270
                    [core2duo] => core2duo
                    [qemu32] => qemu32
                    [kvm32] => kvm32
                    [cpu64-rhel5] => cpu64-rhel5
                    [cpu64-rhel6] => cpu64-rhel6
                    [qemu64] => qemu64
                    [kvm64] => kvm64
                    [Conroe] => Conroe
                    [Penryn] => Penryn
                    [Nehalem] => Nehalem
                    [Nehalem-IBRS] => Nehalem-IBRS
                    [Westmere] => Westmere
                    [Westmere-IBRS] => Westmere-IBRS
                    [SandyBridge] => SandyBridge
                    [SandyBridge-IBRS] => SandyBridge-IBRS
                    [IvyBridge] => IvyBridge
                    [IvyBridge-IBRS] => IvyBridge-IBRS
                    [Haswell-noTSX] => Haswell-noTSX
                    [Haswell-noTSX-IBRS] => Haswell-noTSX-IBRS
                    [Haswell] => Haswell
                    [Haswell-IBRS] => Haswell-IBRS
                    [Broadwell-noTSX] => Broadwell-noTSX
                    [Broadwell-noTSX-IBRS] => Broadwell-noTSX-IBRS
                    [Broadwell] => Broadwell
                    [Broadwell-IBRS] => Broadwell-IBRS
                    [Skylake-Client] => Skylake-Client
                    [Skylake-Client-IBRS] => Skylake-Client-IBRS
                    [Skylake-Client-noTSX-IBRS] => Skylake-Client-noTSX-IBRS
                    [Skylake-Server] => Skylake-Server
                    [Skylake-Server-IBRS] => Skylake-Server-IBRS
                    [Skylake-Server-noTSX-IBRS] => Skylake-Server-noTSX-IBRS
                    [Cascadelake-Server] => Cascadelake-Server
                    [Cascadelake-Server-noTSX] => Cascadelake-Server-noTSX
                    [Icelake-Client] => Icelake-Client
                    [Icelake-Client-noTSX] => Icelake-Client-noTSX
                    [Icelake-Server] => Icelake-Server
                    [Icelake-Server-noTSX] => Icelake-Server-noTSX
                    [Cooperlake] => Cooperlake
                    [Snowridge] => Snowridge
                    [SapphireRapids] => SapphireRapids
                    [athlon] => athlon
                    [phenom] => phenom
                    [Opteron_G1] => Opteron_G1
                    [Opteron_G2] => Opteron_G2
                    [Opteron_G3] => Opteron_G3
                    [Opteron_G4] => Opteron_G4
                    [Opteron_G5] => Opteron_G5
                    [EPYC] => EPYC
                    [EPYC-IBPB] => EPYC-IBPB
                    [EPYC-Rome] => EPYC-Rome
                    [EPYC-Milan] => EPYC-Milan
                    [EPYC-Genoa] => EPYC-Genoa
                    [Dhyana] => Dhyana
                )

            [cpucores] => 56
            [to_master_data] => Array
                (
                )

            [storages] => Array
                (
                    [1] => Array
                        (
                            [stid] => 1
                            [st_uuid] => woFWBVFnZa7KVYiI
                            [name] => Default Storage
                            [path] => /home/vms
                            [type] => file
                            [format] => qcow2
                            [size] => 887.24
                            [free] => 668.54
                            [oversell] => 0
                            [alert_threshold] => 0.00
                            [primary_storage] => 1
                            [project_name] => 
                            [last_alert] => 0
                            [disk_space] => 668.54
                            [serids] => Array
                                (
                                    [0] => 0
                                )

                            [sgids] => Array
                                (
                                    [-2] => -2
                                )

                        )

                )

            [os_name] => Ubuntu 24.04.2 LTS
            [licexpires_txt] => 04/09/2025 GMT
            [version] => 3.2.5
            [patch] => 7
            [vs_bandwidth] => Array
                (
                    [1] => 0.17765652853996
                    [2] => 718.67210018076
                    [3] => 540.17981237173
                    [4] => 0.17660312727094
                    [5] => 3671.8514646469
                    [6] => 0.17580489721149
                    [7] => 719.11084781867
                    [8] => 0.17812187876552
                    [9] => 0.17717374488711
                    [10] => 0.1775865489617
                    [11] => 932.11264262721
                    [12] => 0.17749759275466
                    [13] => 0
                    [14] => 5885.5035820026
                    [15] => 0
                    [16] => 0
                    [17] => 1.4226296059787
                    [18] => 0.13574850186706
                    [19] => 3075.651677453
                    [20] => 2846.4412052687
                    [24] => 849.06139200088
                    [22] => 2978.8804964526
                    [23] => 809.47473059222
                )

            [virt] => kvm
            [os] => Array
                (
                    [os_arch] => x86_64
                    [uname] => Linux user 6.8.0-53-generic #55-Ubuntu SMP PREEMPT_DYNAMIC Fri Jan 17 15:37:52 UTC 2025 x86_64 x86_64 x86_64 GNU/Linux
                    [distro] => ubuntu
                    [name] => ubuntu-24.04-x86_64
                )

            [server_time] => 1755433628
            [is_swtpm_installed] => 1
            [sys_load] => 8.48
            [ips] => 8
            [ipv6] => 0
            [ipv6_subnet] => 0
            [ips_int] => 0
            [vcores] => 67
        )

    [mgs] => Array
        (
        )

    [servergroups] => Array
        (
            [0] => Array
                (
                    [sgid] => 0
                    [sg_name] => Default
                    [sg_reseller_name] => Default
                    [sg_desc] => Default Group
                    [sg_select] => 0
                )

        )

    [scripts] => Array
        (
            [26] => Array
                (
                    [sid] => 26
                    [parent] => 0
                    [name] => WordPress
                    [softname] => wp
                    [type] => php
                    [category] => blogs
                )

            [18] => Array
                (
                    [sid] => 18
                    [parent] => 413
                    [name] => Joomla 2.5
                    [softname] => joomla16
                    [type] => php
                    [category] => cms
                )

            [72] => Array
                (
                    [sid] => 72
                    [parent] => 591
                    [name] => PrestaShop 1.6
                    [softname] => presta
                    [type] => php
                    [category] => ecommerce
                )

            [413] => Array
                (
                    [sid] => 413
                    [parent] => 0
                    [name] => Joomla
                    [softname] => joomla30
                    [type] => php
                    [category] => cms
                )

            [389] => Array
                (
                    [sid] => 389
                    [parent] => 0
                    [name] => AbanteCart
                    [softname] => abante
                    [type] => php
                    [category] => ecommerce
                )

            [70] => Array
                (
                    [sid] => 70
                    [parent] => 703
                    [name] => OpenCart 1.5
                    [softname] => ocart
                    [type] => php
                    [category] => ecommerce
                )

            [30] => Array
                (
                    [sid] => 30
                    [parent] => 543
                    [name] => Drupal Core 7
                    [softname] => drupal
                    [type] => php
                    [category] => cms
                )

            [2] => Array
                (
                    [sid] => 2
                    [parent] => 0
                    [name] => phpBB
                    [softname] => phpbb
                    [type] => php
                    [category] => forums
                )

            [79] => Array
                (
                    [sid] => 79
                    [parent] => 0
                    [name] => SMF
                    [softname] => smf
                    [type] => php
                    [category] => forums
                )

            [144] => Array
                (
                    [sid] => 144
                    [parent] => 0
                    [name] => WHMCS
                    [softname] => whmcs
                    [type] => php
                    [category] => ecommerce
                )

            [445] => Array
                (
                    [sid] => 445
                    [parent] => 0
                    [name] => Open Real Estate
                    [softname] => realestate
                    [type] => php
                    [category] => cms
                )

            [67] => Array
                (
                    [sid] => 67
                    [parent] => 665
                    [name] => Magento 1.9
                    [softname] => magento
                    [type] => php
                    [category] => ecommerce
                )

            [36] => Array
                (
                    [sid] => 36
                    [parent] => 0
                    [name] => MyBB
                    [softname] => mybb
                    [type] => php
                    [category] => forums
                )

            [419] => Array
                (
                    [sid] => 419
                    [parent] => 0
                    [name] => Laravel
                    [softname] => laravel
                    [type] => php
                    [category] => frameworks
                )

            [462] => Array
                (
                    [sid] => 462
                    [parent] => 0
                    [name] => pH7Builder
                    [softname] => hizup
                    [type] => php
                    [category] => socialnetworking
                )

            [121] => Array
                (
                    [sid] => 121
                    [parent] => 0
                    [name] => Dolphin
                    [softname] => dolph
                    [type] => php
                    [category] => socialnetworking
                )

            [503] => Array
                (
                    [sid] => 503
                    [parent] => 542
                    [name] => Moodle 3.5
                    [softname] => moodle28
                    [type] => php
                    [category] => educational
                )

            [499] => Array
                (
                    [sid] => 499
                    [parent] => 703
                    [name] => OpenCart 3
                    [softname] => ocart2
                    [type] => php
                    [category] => ecommerce
                )

            [593] => Array
                (
                    [sid] => 593
                    [parent] => 0
                    [name] => Concrete CMS
                    [softname] => conc8
                    [type] => php
                    [category] => cms
                )

            [13] => Array
                (
                    [sid] => 13
                    [parent] => 0
                    [name] => Gallery
                    [softname] => gallery
                    [type] => php
                    [category] => galleries
                )

            [131] => Array
                (
                    [sid] => 131
                    [parent] => 0
                    [name] => ClipBucket
                    [softname] => clip
                    [type] => php
                    [category] => video
                )

            [258] => Array
                (
                    [sid] => 258
                    [parent] => 0
                    [name] => Oxwall
                    [softname] => oxwall
                    [type] => php
                    [category] => socialnetworking
                )

            [11] => Array
                (
                    [sid] => 11
                    [parent] => 0
                    [name] => Pubvana
                    [softname] => openb
                    [type] => php
                    [category] => blogs
                )

            [39] => Array
                (
                    [sid] => 39
                    [parent] => 0
                    [name] => Piwigo
                    [softname] => piwigo
                    [type] => php
                    [category] => galleries
                )

            [368] => Array
                (
                    [sid] => 368
                    [parent] => 0
                    [name] => ownCloud
                    [softname] => owncloud
                    [type] => php
                    [category] => files
                )

            [123] => Array
                (
                    [sid] => 123
                    [parent] => 0
                    [name] => CodeIgniter
                    [softname] => igniter
                    [type] => php
                    [category] => frameworks
                )

            [202] => Array
                (
                    [sid] => 202
                    [parent] => 0
                    [name] => Dolibarr
                    [softname] => dolibarr
                    [type] => php
                    [category] => erp
                )

            [542] => Array
                (
                    [sid] => 542
                    [parent] => 0
                    [name] => Moodle
                    [softname] => moodle30
                    [type] => php
                    [category] => educational
                )

            [658] => Array
                (
                    [sid] => 658
                    [parent] => 0
                    [name] => ClicShopping AI
                    [softname] => clicshop
                    [type] => php
                    [category] => ecommerce
                )

            [109] => Array
                (
                    [sid] => 109
                    [parent] => 0
                    [name] => MODX
                    [softname] => modx
                    [type] => php
                    [category] => cms
                )

            [118] => Array
                (
                    [sid] => 118
                    [parent] => 0
                    [name] => Roundcube
                    [softname] => roundcube
                    [type] => php
                    [category] => mail
                )

            [661] => Array
                (
                    [sid] => 661
                    [parent] => 0
                    [name] => CE Phoenix
                    [softname] => phoenix
                    [type] => php
                    [category] => ecommerce
                )

            [145] => Array
                (
                    [sid] => 145
                    [parent] => 0
                    [name] => e107
                    [softname] => e107
                    [type] => php
                    [category] => cms
                )

            [543] => Array
                (
                    [sid] => 543
                    [parent] => 0
                    [name] => Drupal Core
                    [softname] => drupal8
                    [type] => php
                    [category] => cms
                )

            [25] => Array
                (
                    [sid] => 25
                    [parent] => 716
                    [name] => MediaWiki 1.27
                    [softname] => mw
                    [type] => php
                    [category] => wikis
                )

            [5] => Array
                (
                    [sid] => 5
                    [parent] => 0
                    [name] => Xoops
                    [softname] => xoops
                    [type] => php
                    [category] => cms
                )

            [69] => Array
                (
                    [sid] => 69
                    [parent] => 0
                    [name] => osCommerce
                    [softname] => oscom
                    [type] => php
                    [category] => ecommerce
                )

            [227] => Array
                (
                    [sid] => 227
                    [parent] => 0
                    [name] => Vtiger
                    [softname] => vtiger
                    [type] => php
                    [category] => erp
                )

            [182] => Array
                (
                    [sid] => 182
                    [parent] => 0
                    [name] => Jcow
                    [softname] => jcow
                    [type] => php
                    [category] => socialnetworking
                )

            [247] => Array
                (
                    [sid] => 247
                    [parent] => 0
                    [name] => CMS Made Simple
                    [softname] => cmssimple
                    [type] => php
                    [category] => cms
                )

            [507] => Array
                (
                    [sid] => 507
                    [parent] => 0
                    [name] => Open Source Social Network
                    [softname] => ossn
                    [type] => php
                    [category] => socialnetworking
                )

            [571] => Array
                (
                    [sid] => 571
                    [parent] => 714
                    [name] => Elgg 2
                    [softname] => elgg2
                    [type] => php
                    [category] => socialnetworking
                )

            [326] => Array
                (
                    [sid] => 326
                    [parent] => 0
                    [name] => Seo Panel
                    [softname] => seo
                    [type] => php
                    [category] => others
                )

            [312] => Array
                (
                    [sid] => 312
                    [parent] => 0
                    [name] => Chamilo
                    [softname] => chamilo
                    [type] => php
                    [category] => educational
                )

            [83] => Array
                (
                    [sid] => 83
                    [parent] => 0
                    [name] => osTicket
                    [softname] => ostic
                    [type] => php
                    [category] => customersupport
                )

            [224] => Array
                (
                    [sid] => 224
                    [parent] => 0
                    [name] => yii
                    [softname] => yii
                    [type] => php
                    [category] => frameworks
                )

            [8] => Array
                (
                    [sid] => 8
                    [parent] => 0
                    [name] => AEF
                    [softname] => aef
                    [type] => php
                    [category] => forums
                )

            [82] => Array
                (
                    [sid] => 82
                    [parent] => 0
                    [name] => HESK
                    [softname] => hesk
                    [type] => php
                    [category] => customersupport
                )

            [66] => Array
                (
                    [sid] => 66
                    [parent] => 0
                    [name] => Zen Cart
                    [softname] => zencart
                    [type] => php
                    [category] => ecommerce
                )

            [279] => Array
                (
                    [sid] => 279
                    [parent] => 0
                    [name] => phpMyAdmin
                    [softname] => myadmin
                    [type] => php
                    [category] => dbtools
                )

            [308] => Array
                (
                    [sid] => 308
                    [parent] => 0
                    [name] => PHP-Fusion
                    [softname] => fusion
                    [type] => php
                    [category] => cms
                )

            [27] => Array
                (
                    [sid] => 27
                    [parent] => 0
                    [name] => Coppermine
                    [softname] => cpg
                    [type] => php
                    [category] => galleries
                )

            [55] => Array
                (
                    [sid] => 55
                    [parent] => 0
                    [name] => phpList
                    [softname] => phplist
                    [type] => php
                    [category] => mail
                )

            [620] => Array
                (
                    [sid] => 620
                    [parent] => 0
                    [name] => Akaunting
                    [softname] => akaunting
                    [type] => php
                    [category] => erp
                )

            [545] => Array
                (
                    [sid] => 545
                    [parent] => 665
                    [name] => Magento 2.3
                    [softname] => magento2
                    [type] => php
                    [category] => ecommerce
                )

            [376] => Array
                (
                    [sid] => 376
                    [parent] => 0
                    [name] => WebMail Lite
                    [softname] => webmail
                    [type] => php
                    [category] => mail
                )

            [426] => Array
                (
                    [sid] => 426
                    [parent] => 0
                    [name] => Bootstrap
                    [softname] => bootstrap
                    [type] => php
                    [category] => frameworks
                )

            [24] => Array
                (
                    [sid] => 24
                    [parent] => 0
                    [name] => Geeklog
                    [softname] => geeklog
                    [type] => php
                    [category] => cms
                )

            [60] => Array
                (
                    [sid] => 60
                    [parent] => 0
                    [name] => LimeSurvey
                    [softname] => lime
                    [type] => php
                    [category] => polls
                )

            [6] => Array
                (
                    [sid] => 6
                    [parent] => 0
                    [name] => Composr
                    [softname] => ocportal
                    [type] => php
                    [category] => cms
                )

            [188] => Array
                (
                    [sid] => 188
                    [parent] => 0
                    [name] => Feng Office
                    [softname] => feng
                    [type] => php
                    [category] => projectman
                )

            [553] => Array
                (
                    [sid] => 553
                    [parent] => 0
                    [name] => YetiForce
                    [softname] => yeti
                    [type] => php
                    [category] => erp
                )

            [214] => Array
                (
                    [sid] => 214
                    [parent] => 0
                    [name] => Vanilla
                    [softname] => vanilla
                    [type] => php
                    [category] => forums
                )

            [586] => Array
                (
                    [sid] => 586
                    [parent] => 0
                    [name] => Nextcloud
                    [softname] => nextcloud
                    [type] => php
                    [category] => files
                )

            [4] => Array
                (
                    [sid] => 4
                    [parent] => 0
                    [name] => SitePad
                    [softname] => sp
                    [type] => php
                    [category] => blogs
                )

            [1] => Array
                (
                    [sid] => 1
                    [parent] => 0
                    [name] => Zikula
                    [softname] => zikula
                    [type] => php
                    [category] => cms
                )

            [3] => Array
                (
                    [sid] => 3
                    [parent] => 0
                    [name] => Serendipity
                    [softname] => s9y
                    [type] => php
                    [category] => blogs
                )

            [34] => Array
                (
                    [sid] => 34
                    [parent] => 0
                    [name] => Dotclear
                    [softname] => dotcl
                    [type] => php
                    [category] => blogs
                )

            [20] => Array
                (
                    [sid] => 20
                    [parent] => 0
                    [name] => DokuWiki
                    [softname] => doku
                    [type] => php
                    [category] => wikis
                )

            [154] => Array
                (
                    [sid] => 154
                    [parent] => 0
                    [name] => jQuery
                    [softname] => jquery
                    [type] => js
                    [category] => libraries
                )

            [21] => Array
                (
                    [sid] => 21
                    [parent] => 0
                    [name] => WebsiteBaker
                    [softname] => baker
                    [type] => php
                    [category] => cms
                )

            [195] => Array
                (
                    [sid] => 195
                    [parent] => 0
                    [name] => ProjectSend
                    [softname] => cftp
                    [type] => php
                    [category] => files
                )

            [469] => Array
                (
                    [sid] => 469
                    [parent] => 0
                    [name] => Loaded Commerce
                    [softname] => loaded7
                    [type] => php
                    [category] => ecommerce
                )

            [86] => Array
                (
                    [sid] => 86
                    [parent] => 0
                    [name] => Mibew Messenger
                    [softname] => owm
                    [type] => php
                    [category] => customersupport
                )

            [35] => Array
                (
                    [sid] => 35
                    [parent] => 0
                    [name] => Textpattern
                    [softname] => txtpat
                    [type] => php
                    [category] => blogs
                )

            [41] => Array
                (
                    [sid] => 41
                    [parent] => 0
                    [name] => Zenphoto
                    [softname] => zen
                    [type] => php
                    [category] => galleries
                )

            [14] => Array
                (
                    [sid] => 14
                    [parent] => 0
                    [name] => b2evolution
                    [softname] => b2e
                    [type] => php
                    [category] => blogs
                )

            [591] => Array
                (
                    [sid] => 591
                    [parent] => 0
                    [name] => PrestaShop
                    [softname] => presta17
                    [type] => php
                    [category] => ecommerce
                )

            [468] => Array
                (
                    [sid] => 468
                    [parent] => 0
                    [name] => LiteCart
                    [softname] => litecart
                    [type] => php
                    [category] => ecommerce
                )

            [101] => Array
                (
                    [sid] => 101
                    [parent] => 0
                    [name] => Podcast Generator
                    [softname] => podcast
                    [type] => php
                    [category] => music
                )

            [171] => Array
                (
                    [sid] => 171
                    [parent] => 0
                    [name] => Matomo
                    [softname] => piwik
                    [type] => php
                    [category] => polls
                )

            [12] => Array
                (
                    [sid] => 12
                    [parent] => 543
                    [name] => Drupal Core 6
                    [softname] => drupal6
                    [type] => php
                    [category] => cms
                )

            [19] => Array
                (
                    [sid] => 19
                    [parent] => 0
                    [name] => WebCalendar
                    [softname] => webcal
                    [type] => php
                    [category] => calendars
                )

            [508] => Array
                (
                    [sid] => 508
                    [parent] => 0
                    [name] => SLiMS
                    [softname] => slims
                    [type] => php
                    [category] => others
                )

            [58] => Array
                (
                    [sid] => 58
                    [parent] => 0
                    [name] => SquirrelMail
                    [softname] => squirrel
                    [type] => php
                    [category] => mail
                )

            [314] => Array
                (
                    [sid] => 314
                    [parent] => 0
                    [name] => Open Journal Systems
                    [softname] => ojs
                    [type] => php
                    [category] => others
                )

            [117] => Array
                (
                    [sid] => 117
                    [parent] => 0
                    [name] => SugarCRM
                    [softname] => sugar
                    [type] => php
                    [category] => erp
                )

            [497] => Array
                (
                    [sid] => 497
                    [parent] => 0
                    [name] => RainLoop Webmail
                    [softname] => rainloop
                    [type] => php
                    [category] => mail
                )

            [565] => Array
                (
                    [sid] => 565
                    [parent] => 0
                    [name] => Rukovoditel
                    [softname] => ruko
                    [type] => php
                    [category] => projectman
                )

            [705] => Array
                (
                    [sid] => 705
                    [parent] => 0
                    [name] => RosarioSIS
                    [softname] => rosariosis
                    [type] => php
                    [category] => educational
                )

            [514] => Array
                (
                    [sid] => 514
                    [parent] => 0
                    [name] => Mautic
                    [softname] => mautic
                    [type] => php
                    [category] => others
                )

            [570] => Array
                (
                    [sid] => 570
                    [parent] => 0
                    [name] => HumHub
                    [softname] => humhub
                    [type] => php
                    [category] => socialnetworking
                )

            [491] => Array
                (
                    [sid] => 491
                    [parent] => 0
                    [name] => Invoice Ninja
                    [softname] => ninja
                    [type] => php
                    [category] => ecommerce
                )

            [476] => Array
                (
                    [sid] => 476
                    [parent] => 0
                    [name] => ProcessWire
                    [softname] => procwire
                    [type] => php
                    [category] => cms
                )

            [172] => Array
                (
                    [sid] => 172
                    [parent] => 0
                    [name] => YOURLS
                    [softname] => yourls
                    [type] => php
                    [category] => others
                )

            [264] => Array
                (
                    [sid] => 264
                    [parent] => 0
                    [name] => Etano
                    [softname] => etano
                    [type] => php
                    [category] => socialnetworking
                )

            [492] => Array
                (
                    [sid] => 492
                    [parent] => 0
                    [name] => SuiteCRM
                    [softname] => suitecrm
                    [type] => php
                    [category] => erp
                )

            [201] => Array
                (
                    [sid] => 201
                    [parent] => 0
                    [name] => FrontAccounting
                    [softname] => front
                    [type] => php
                    [category] => erp
                )

            [601] => Array
                (
                    [sid] => 601
                    [parent] => 0
                    [name] => thirty bees
                    [softname] => thbees
                    [type] => php
                    [category] => ecommerce
                )

            [377] => Array
                (
                    [sid] => 377
                    [parent] => 0
                    [name] => CakePHP
                    [softname] => cake
                    [type] => php
                    [category] => frameworks
                )

            [332] => Array
                (
                    [sid] => 332
                    [parent] => 0
                    [name] => Question2Answer
                    [softname] => qtoa
                    [type] => php
                    [category] => others
                )

            [483] => Array
                (
                    [sid] => 483
                    [parent] => 0
                    [name] => Live helper chat
                    [softname] => livehelper
                    [type] => php
                    [category] => customersupport
                )

            [38] => Array
                (
                    [sid] => 38
                    [parent] => 0
                    [name] => PunBB
                    [softname] => punbb
                    [type] => php
                    [category] => forums
                )

            [287] => Array
                (
                    [sid] => 287
                    [parent] => 0
                    [name] => SilverStripe
                    [softname] => stripe
                    [type] => php
                    [category] => cms
                )

            [473] => Array
                (
                    [sid] => 473
                    [parent] => 0
                    [name] => Symfony
                    [softname] => symfony24
                    [type] => php
                    [category] => frameworks
                )

            [99] => Array
                (
                    [sid] => 99
                    [parent] => 0
                    [name] => WeBid
                    [softname] => webid
                    [type] => php
                    [category] => others
                )

            [263] => Array
                (
                    [sid] => 263
                    [parent] => 0
                    [name] => Form Tools
                    [softname] => ftools
                    [type] => php
                    [category] => others
                )

            [289] => Array
                (
                    [sid] => 289
                    [parent] => 0
                    [name] => PyroCMS
                    [softname] => pyro
                    [type] => php
                    [category] => cms
                )

            [338] => Array
                (
                    [sid] => 338
                    [parent] => 0
                    [name] => Pydio
                    [softname] => pydio
                    [type] => php
                    [category] => files
                )

            [28] => Array
                (
                    [sid] => 28
                    [parent] => 0
                    [name] => TinyWebGallery
                    [softname] => twg
                    [type] => php
                    [category] => galleries
                )

            [113] => Array
                (
                    [sid] => 113
                    [parent] => 0
                    [name] => Claroline
                    [softname] => claro
                    [type] => php
                    [category] => educational
                )

            [450] => Array
                (
                    [sid] => 450
                    [parent] => 0
                    [name] => Open Source Point of Sale
                    [softname] => ospos
                    [type] => php
                    [category] => ecommerce
                )

            [421] => Array
                (
                    [sid] => 421
                    [parent] => 716
                    [name] => MediaWiki 1.39
                    [softname] => mw19
                    [type] => php
                    [category] => wikis
                )

            [428] => Array
                (
                    [sid] => 428
                    [parent] => 0
                    [name] => qdPM
                    [softname] => qdpm
                    [type] => php
                    [category] => projectman
                )

            [303] => Array
                (
                    [sid] => 303
                    [parent] => 0
                    [name] => Collabtive
                    [softname] => collab
                    [type] => php
                    [category] => projectman
                )

            [408] => Array
                (
                    [sid] => 408
                    [parent] => 0
                    [name] => Subrion
                    [softname] => subrion
                    [type] => php
                    [category] => cms
                )

            [556] => Array
                (
                    [sid] => 556
                    [parent] => 0
                    [name] => HTMLy
                    [softname] => htmly
                    [type] => php
                    [category] => blogs
                )

            [44] => Array
                (
                    [sid] => 44
                    [parent] => 720
                    [name] => Tiki Wiki CMS Groupware 18
                    [softname] => tiki
                    [type] => php
                    [category] => cms
                )

            [122] => Array
                (
                    [sid] => 122
                    [parent] => 0
                    [name] => CubeCart
                    [softname] => cube
                    [type] => php
                    [category] => ecommerce
                )

            [384] => Array
                (
                    [sid] => 384
                    [parent] => 0
                    [name] => SPIP
                    [softname] => spip
                    [type] => php
                    [category] => others
                )

            [411] => Array
                (
                    [sid] => 411
                    [parent] => 0
                    [name] => Nibbleblog
                    [softname] => nibble
                    [type] => php
                    [category] => blogs
                )

            [382] => Array
                (
                    [sid] => 382
                    [parent] => 603
                    [name] => TYPO3 6
                    [softname] => typo47
                    [type] => php
                    [category] => cms
                )

            [225] => Array
                (
                    [sid] => 225
                    [parent] => 0
                    [name] => Zend
                    [softname] => zend
                    [type] => php
                    [category] => frameworks
                )

            [29] => Array
                (
                    [sid] => 29
                    [parent] => 0
                    [name] => dotProject
                    [softname] => dotproj
                    [type] => php
                    [category] => projectman
                )

            [92] => Array
                (
                    [sid] => 92
                    [parent] => 603
                    [name] => TYPO3 45
                    [softname] => typo
                    [type] => php
                    [category] => cms
                )

            [737] => Array
                (
                    [sid] => 737
                    [parent] => 0
                    [name] => Drupal CMS
                    [softname] => drupalcms
                    [type] => php
                    [category] => cms
                )

            [49] => Array
                (
                    [sid] => 49
                    [parent] => 0
                    [name] => Booked
                    [softname] => phpsch
                    [type] => php
                    [category] => calendars
                )

            [267] => Array
                (
                    [sid] => 267
                    [parent] => 0
                    [name] => Contao
                    [softname] => contao
                    [type] => php
                    [category] => cms
                )

            [375] => Array
                (
                    [sid] => 375
                    [parent] => 0
                    [name] => GLPI
                    [softname] => glpi
                    [type] => php
                    [category] => others
                )

            [177] => Array
                (
                    [sid] => 177
                    [parent] => 0
                    [name] => bbPress
                    [softname] => bbpress
                    [type] => php
                    [category] => forums
                )

            [120] => Array
                (
                    [sid] => 120
                    [parent] => 0
                    [name] => FluxBB
                    [softname] => fluxbb
                    [type] => php
                    [category] => forums
                )

            [557] => Array
                (
                    [sid] => 557
                    [parent] => 0
                    [name] => GRAV
                    [softname] => grav
                    [type] => php
                    [category] => cms
                )

            [407] => Array
                (
                    [sid] => 407
                    [parent] => 0
                    [name] => EPESI
                    [softname] => epesi
                    [type] => php
                    [category] => erp
                )

            [9] => Array
                (
                    [sid] => 9
                    [parent] => 0
                    [name] => XMB
                    [softname] => xmb
                    [type] => php
                    [category] => forums
                )

            [474] => Array
                (
                    [sid] => 474
                    [parent] => 0
                    [name] => Sitemagic CMS
                    [softname] => sitemagic
                    [type] => php
                    [category] => cms
                )

            [319] => Array
                (
                    [sid] => 319
                    [parent] => 0
                    [name] => Quick.Cart
                    [softname] => qcart
                    [type] => php
                    [category] => ecommerce
                )

            [434] => Array
                (
                    [sid] => 434
                    [parent] => 0
                    [name] => Vision Helpdesk
                    [softname] => vision
                    [type] => php
                    [category] => customersupport
                )

            [37] => Array
                (
                    [sid] => 37
                    [parent] => 0
                    [name] => Phorum
                    [softname] => phorum
                    [type] => php
                    [category] => forums
                )

            [390] => Array
                (
                    [sid] => 390
                    [parent] => 0
                    [name] => ImpressPages
                    [softname] => impresspage
                    [type] => php
                    [category] => cms
                )

            [341] => Array
                (
                    [sid] => 341
                    [parent] => 0
                    [name] => MyWebSQL
                    [softname] => myweb
                    [type] => php
                    [category] => dbtools
                )

            [192] => Array
                (
                    [sid] => 192
                    [parent] => 0
                    [name] => OrangeHRM
                    [softname] => orange
                    [type] => php
                    [category] => erp
                )

            [437] => Array
                (
                    [sid] => 437
                    [parent] => 0
                    [name] => CumulusClips
                    [softname] => cumulus
                    [type] => php
                    [category] => video
                )

            [249] => Array
                (
                    [sid] => 249
                    [parent] => 0
                    [name] => OpenNewsletter
                    [softname] => newsletter
                    [type] => php
                    [category] => mail
                )

            [501] => Array
                (
                    [sid] => 501
                    [parent] => 0
                    [name] => EspoCRM
                    [softname] => espo
                    [type] => php
                    [category] => erp
                )

            [115] => Array
                (
                    [sid] => 115
                    [parent] => 0
                    [name] => Mantis Bug Tracker
                    [softname] => mantis
                    [type] => php
                    [category] => projectman
                )

            [345] => Array
                (
                    [sid] => 345
                    [parent] => 473
                    [name] => Symfony2
                    [softname] => symfony2
                    [type] => php
                    [category] => frameworks
                )

            [304] => Array
                (
                    [sid] => 304
                    [parent] => 0
                    [name] => PASTE
                    [softname] => paste
                    [type] => php
                    [category] => others
                )

            [464] => Array
                (
                    [sid] => 464
                    [parent] => 0
                    [name] => AngularJS
                    [softname] => angular
                    [type] => js
                    [category] => libraries
                )

            [442] => Array
                (
                    [sid] => 442
                    [parent] => 0
                    [name] => webtrees
                    [softname] => webtrees
                    [type] => php
                    [category] => others
                )

            [386] => Array
                (
                    [sid] => 386
                    [parent] => 0
                    [name] => Quick.CMS
                    [softname] => qcms
                    [type] => php
                    [category] => cms
                )

            [406] => Array
                (
                    [sid] => 406
                    [parent] => 0
                    [name] => eXtplorer
                    [softname] => extplorer
                    [type] => php
                    [category] => files
                )

            [293] => Array
                (
                    [sid] => 293
                    [parent] => 0
                    [name] => Redaxscript
                    [softname] => redax
                    [type] => php
                    [category] => cms
                )

            [328] => Array
                (
                    [sid] => 328
                    [parent] => 0
                    [name] => Soholaunch
                    [softname] => soho
                    [type] => php
                    [category] => others
                )

            [563] => Array
                (
                    [sid] => 563
                    [parent] => 0
                    [name] => PopojiCMS
                    [softname] => popoji
                    [type] => php
                    [category] => cms
                )

            [54] => Array
                (
                    [sid] => 54
                    [parent] => 0
                    [name] => ProjectPier
                    [softname] => pier
                    [type] => php
                    [category] => projectman
                )

            [580] => Array
                (
                    [sid] => 580
                    [parent] => 0
                    [name] => Vue.js
                    [softname] => vue
                    [type] => js
                    [category] => libraries
                )

            [98] => Array
                (
                    [sid] => 98
                    [parent] => 542
                    [name] => Moodle 2.6
                    [softname] => moodle
                    [type] => php
                    [category] => educational
                )

            [463] => Array
                (
                    [sid] => 463
                    [parent] => 0
                    [name] => Blesta
                    [softname] => blesta
                    [type] => php
                    [category] => ecommerce
                )

            [541] => Array
                (
                    [sid] => 541
                    [parent] => 0
                    [name] => Lychee
                    [softname] => lychee
                    [type] => php
                    [category] => galleries
                )

            [607] => Array
                (
                    [sid] => 607
                    [parent] => 0
                    [name] => UNA
                    [softname] => una
                    [type] => php
                    [category] => socialnetworking
                )

            [33] => Array
                (
                    [sid] => 33
                    [parent] => 0
                    [name] => Nucleus
                    [softname] => nucleus
                    [type] => php
                    [category] => blogs
                )

            [605] => Array
                (
                    [sid] => 605
                    [parent] => 0
                    [name] => OctoberCMS
                    [softname] => october
                    [type] => php
                    [category] => cms
                )

            [595] => Array
                (
                    [sid] => 595
                    [parent] => 0
                    [name] => Snipe-IT
                    [softname] => snipeit
                    [type] => php
                    [category] => projectman
                )

            [397] => Array
                (
                    [sid] => 397
                    [parent] => 0
                    [name] => SIDU
                    [softname] => sidu
                    [type] => php
                    [category] => dbtools
                )

            [686] => Array
                (
                    [sid] => 686
                    [parent] => 0
                    [name] => Flarum
                    [softname] => flarum
                    [type] => php
                    [category] => forums
                )

            [518] => Array
                (
                    [sid] => 518
                    [parent] => 0
                    [name] => Microweber
                    [softname] => microweber
                    [type] => php
                    [category] => cms
                )

            [550] => Array
                (
                    [sid] => 550
                    [parent] => 0
                    [name] => LuxCal
                    [softname] => luxcal
                    [type] => php
                    [category] => calendars
                )

            [43] => Array
                (
                    [sid] => 43
                    [parent] => 0
                    [name] => PmWiki
                    [softname] => pmwiki
                    [type] => php
                    [category] => wikis
                )

            [343] => Array
                (
                    [sid] => 343
                    [parent] => 542
                    [name] => Moodle 2.0
                    [softname] => moodle20
                    [type] => php
                    [category] => educational
                )

            [525] => Array
                (
                    [sid] => 525
                    [parent] => 0
                    [name] => InvoicePlane
                    [softname] => invoice
                    [type] => php
                    [category] => ecommerce
                )

            [64] => Array
                (
                    [sid] => 64
                    [parent] => 0
                    [name] => LittlePoll
                    [softname] => little
                    [type] => php
                    [category] => polls
                )

            [359] => Array
                (
                    [sid] => 359
                    [parent] => 0
                    [name] => Chyrp
                    [softname] => chyrp
                    [type] => php
                    [category] => blogs
                )

            [381] => Array
                (
                    [sid] => 381
                    [parent] => 0
                    [name] => ImpressCMS
                    [softname] => impress
                    [type] => php
                    [category] => cms
                )

            [573] => Array
                (
                    [sid] => 573
                    [parent] => 0
                    [name] => Chevereto
                    [softname] => chevereto
                    [type] => php
                    [category] => galleries
                )

            [600] => Array
                (
                    [sid] => 600
                    [parent] => 0
                    [name] => WonderCMS
                    [softname] => wonder
                    [type] => php
                    [category] => cms
                )

            [441] => Array
                (
                    [sid] => 441
                    [parent] => 0
                    [name] => Tiny Tiny RSS
                    [softname] => tinyrss
                    [type] => php
                    [category] => rss
                )

            [560] => Array
                (
                    [sid] => 560
                    [parent] => 0
                    [name] => ElkArte
                    [softname] => elkarte
                    [type] => php
                    [category] => forums
                )

            [323] => Array
                (
                    [sid] => 323
                    [parent] => 0
                    [name] => EGroupware
                    [softname] => egroup
                    [type] => php
                    [category] => erp
                )

            [80] => Array
                (
                    [sid] => 80
                    [parent] => 0
                    [name] => Sales Syntax
                    [softname] => crafty
                    [type] => php
                    [category] => customersupport
                )

            [430] => Array
                (
                    [sid] => 430
                    [parent] => 0
                    [name] => Monstra
                    [softname] => monstra
                    [type] => php
                    [category] => cms
                )

            [477] => Array
                (
                    [sid] => 477
                    [parent] => 0
                    [name] => wallabag
                    [softname] => wallabag
                    [type] => php
                    [category] => others
                )

            [175] => Array
                (
                    [sid] => 175
                    [parent] => 0
                    [name] => phpwcms
                    [softname] => phpwcms
                    [type] => php
                    [category] => cms
                )

            [448] => Array
                (
                    [sid] => 448
                    [parent] => 0
                    [name] => X2CRM
                    [softname] => x2
                    [type] => php
                    [category] => erp
                )

            [564] => Array
                (
                    [sid] => 564
                    [parent] => 0
                    [name] => Open Business Card
                    [softname] => obcard
                    [type] => php
                    [category] => cms
                )

            [581] => Array
                (
                    [sid] => 581
                    [parent] => 0
                    [name] => Kanboard
                    [softname] => kanboard
                    [type] => php
                    [category] => projectman
                )

            [516] => Array
                (
                    [sid] => 516
                    [parent] => 0
                    [name] => HelpDeskZ
                    [softname] => helpdeskz
                    [type] => php
                    [category] => customersupport
                )

            [517] => Array
                (
                    [sid] => 517
                    [parent] => 542
                    [name] => Moodle 3.7
                    [softname] => moodle29
                    [type] => php
                    [category] => educational
                )

            [622] => Array
                (
                    [sid] => 622
                    [parent] => 0
                    [name] => Firefly III
                    [softname] => firefly
                    [type] => php
                    [category] => others
                )

            [236] => Array
                (
                    [sid] => 236
                    [parent] => 0
                    [name] => TCExam
                    [softname] => tcexam
                    [type] => php
                    [category] => educational
                )

            [552] => Array
                (
                    [sid] => 552
                    [parent] => 0
                    [name] => Faveo Helpdesk
                    [softname] => faveo
                    [type] => php
                    [category] => customersupport
                )

            [505] => Array
                (
                    [sid] => 505
                    [parent] => 0
                    [name] => Gibbon
                    [softname] => gibbon
                    [type] => php
                    [category] => educational
                )

            [280] => Array
                (
                    [sid] => 280
                    [parent] => 0
                    [name] => Adminer
                    [softname] => adminer
                    [type] => php
                    [category] => dbtools
                )

            [703] => Array
                (
                    [sid] => 703
                    [parent] => 0
                    [name] => OpenCart
                    [softname] => ocart4
                    [type] => php
                    [category] => ecommerce
                )

            [295] => Array
                (
                    [sid] => 295
                    [parent] => 0
                    [name] => Arfooo
                    [softname] => arfooo
                    [type] => php
                    [category] => files
                )

            [133] => Array
                (
                    [sid] => 133
                    [parent] => 0
                    [name] => 4images
                    [softname] => 4images
                    [type] => php
                    [category] => galleries
                )

            [603] => Array
                (
                    [sid] => 603
                    [parent] => 0
                    [name] => TYPO3
                    [softname] => typo8
                    [type] => php
                    [category] => cms
                )

            [596] => Array
                (
                    [sid] => 596
                    [parent] => 0
                    [name] => Group Office
                    [softname] => goffice62
                    [type] => php
                    [category] => erp
                )

            [102] => Array
                (
                    [sid] => 102
                    [parent] => 0
                    [name] => Impleo
                    [softname] => impleo
                    [type] => php
                    [category] => music
                )

            [549] => Array
                (
                    [sid] => 549
                    [parent] => 0
                    [name] => Bludit
                    [softname] => bludit
                    [type] => php
                    [category] => cms
                )

            [231] => Array
                (
                    [sid] => 231
                    [parent] => 0
                    [name] => The Bug Genie
                    [softname] => buggenie
                    [type] => php
                    [category] => projectman
                )

            [538] => Array
                (
                    [sid] => 538
                    [parent] => 0
                    [name] => Ampache
                    [softname] => ampache
                    [type] => php
                    [category] => music
                )

            [594] => Array
                (
                    [sid] => 594
                    [parent] => 0
                    [name] => SeedDMS
                    [softname] => seed
                    [type] => php
                    [category] => files
                )

            [436] => Array
                (
                    [sid] => 436
                    [parent] => 0
                    [name] => Zurmo
                    [softname] => zurmo
                    [type] => php
                    [category] => erp
                )

            [488] => Array
                (
                    [sid] => 488
                    [parent] => 0
                    [name] => Shopware
                    [softname] => shopware
                    [type] => php
                    [category] => ecommerce
                )

            [276] => Array
                (
                    [sid] => 276
                    [parent] => 0
                    [name] => Omeka
                    [softname] => omeka
                    [type] => php
                    [category] => educational
                )

            [532] => Array
                (
                    [sid] => 532
                    [parent] => 0
                    [name] => Arastta
                    [softname] => arastta
                    [type] => php
                    [category] => ecommerce
                )

            [452] => Array
                (
                    [sid] => 452
                    [parent] => 0
                    [name] => webERP
                    [softname] => weberp
                    [type] => php
                    [category] => erp
                )

            [273] => Array
                (
                    [sid] => 273
                    [parent] => 0
                    [name] => FUDforum
                    [softname] => fud
                    [type] => php
                    [category] => forums
                )

            [621] => Array
                (
                    [sid] => 621
                    [parent] => 0
                    [name] => ChurchCRM
                    [softname] => churchcrm
                    [type] => php
                    [category] => erp
                )

            [108] => Array
                (
                    [sid] => 108
                    [parent] => 0
                    [name] => PhpGedView
                    [softname] => gedview
                    [type] => php
                    [category] => others
                )

            [496] => Array
                (
                    [sid] => 496
                    [parent] => 0
                    [name] => PluXml
                    [softname] => pluxml
                    [type] => php
                    [category] => cms
                )

            [511] => Array
                (
                    [sid] => 511
                    [parent] => 0
                    [name] => Family Connections
                    [softname] => fcms
                    [type] => php
                    [category] => socialnetworking
                )

            [480] => Array
                (
                    [sid] => 480
                    [parent] => 0
                    [name] => SiteCake
                    [softname] => sitecake
                    [type] => php
                    [category] => cms
                )

            [238] => Array
                (
                    [sid] => 238
                    [parent] => 0
                    [name] => LetoDMS
                    [softname] => leto
                    [type] => php
                    [category] => files
                )

            [494] => Array
                (
                    [sid] => 494
                    [parent] => 0
                    [name] => InfiniteWP
                    [softname] => iwp
                    [type] => php
                    [category] => others
                )

            [509] => Array
                (
                    [sid] => 509
                    [parent] => 0
                    [name] => FlatPress
                    [softname] => flat
                    [type] => php
                    [category] => blogs
                )

            [210] => Array
                (
                    [sid] => 210
                    [parent] => 0
                    [name] => ATutor
                    [softname] => atutor
                    [type] => php
                    [category] => educational
                )

            [482] => Array
                (
                    [sid] => 482
                    [parent] => 0
                    [name] => Monsta FTP
                    [softname] => monsta
                    [type] => php
                    [category] => files
                )

            [253] => Array
                (
                    [sid] => 253
                    [parent] => 0
                    [name] => Kohana
                    [softname] => kohana
                    [type] => php
                    [category] => frameworks
                )

            [373] => Array
                (
                    [sid] => 373
                    [parent] => 0
                    [name] => Open Web Analytics
                    [softname] => owa
                    [type] => php
                    [category] => polls
                )

            [116] => Array
                (
                    [sid] => 116
                    [parent] => 0
                    [name] => Advanced Poll
                    [softname] => advpoll
                    [type] => php
                    [category] => polls
                )

            [65] => Array
                (
                    [sid] => 65
                    [parent] => 0
                    [name] => Simple PHP Poll
                    [softname] => phppoll
                    [type] => php
                    [category] => polls
                )

            [572] => Array
                (
                    [sid] => 572
                    [parent] => 0
                    [name] => Kopage
                    [softname] => kopage
                    [type] => php
                    [category] => cms
                )

            [719] => Array
                (
                    [sid] => 719
                    [parent] => 0
                    [name] => OsClass Classifieds
                    [softname] => osclassified
                    [type] => php
                    [category] => admanager
                )

            [471] => Array
                (
                    [sid] => 471
                    [parent] => 0
                    [name] => UIkit
                    [softname] => uikit
                    [type] => php
                    [category] => frameworks
                )

            [255] => Array
                (
                    [sid] => 255
                    [parent] => 0
                    [name] => liveSite
                    [softname] => livesite
                    [type] => php
                    [category] => cms
                )

            [52] => Array
                (
                    [sid] => 52
                    [parent] => 0
                    [name] => PHProjekt
                    [softname] => phproj
                    [type] => php
                    [category] => projectman
                )

            [653] => Array
                (
                    [sid] => 653
                    [parent] => 0
                    [name] => ExpressionEngine
                    [softname] => eengine
                    [type] => php
                    [category] => cms
                )

            [344] => Array
                (
                    [sid] => 344
                    [parent] => 0
                    [name] => AlegroCart
                    [softname] => alegro
                    [type] => php
                    [category] => ecommerce
                )

            [420] => Array
                (
                    [sid] => 420
                    [parent] => 0
                    [name] => Pimcore
                    [softname] => pimcore
                    [type] => php
                    [category] => cms
                )

            [176] => Array
                (
                    [sid] => 176
                    [parent] => 0
                    [name] => WikkaWiki
                    [softname] => wikka
                    [type] => php
                    [category] => wikis
                )

            [136] => Array
                (
                    [sid] => 136
                    [parent] => 0
                    [name] => OpenDocMan
                    [softname] => odm
                    [type] => php
                    [category] => files
                )

            [574] => Array
                (
                    [sid] => 574
                    [parent] => 0
                    [name] => UserSpice
                    [softname] => userspice
                    [type] => php
                    [category] => frameworks
                )

            [547] => Array
                (
                    [sid] => 547
                    [parent] => 0
                    [name] => Agora-Project
                    [softname] => agora
                    [type] => php
                    [category] => others
                )

            [643] => Array
                (
                    [sid] => 643
                    [parent] => 0
                    [name] => WBCE CMS
                    [softname] => wbce
                    [type] => php
                    [category] => cms
                )

            [300] => Array
                (
                    [sid] => 300
                    [parent] => 0
                    [name] => Smarty
                    [softname] => smarty
                    [type] => php
                    [category] => frameworks
                )

            [614] => Array
                (
                    [sid] => 614
                    [parent] => 0
                    [name] => Nuked Klan
                    [softname] => nuked
                    [type] => php
                    [category] => games
                )

            [612] => Array
                (
                    [sid] => 612
                    [parent] => 0
                    [name] => OpenSupports
                    [softname] => osupport
                    [type] => php
                    [category] => customersupport
                )

            [234] => Array
                (
                    [sid] => 234
                    [parent] => 0
                    [name] => TaskFreak
                    [softname] => taskfreak
                    [type] => php
                    [category] => projectman
                )

            [628] => Array
                (
                    [sid] => 628
                    [parent] => 0
                    [name] => Forma LMS
                    [softname] => forma
                    [type] => php
                    [category] => educational
                )

            [451] => Array
                (
                    [sid] => 451
                    [parent] => 0
                    [name] => iGalerie
                    [softname] => igalerie
                    [type] => php
                    [category] => galleries
                )

            [129] => Array
                (
                    [sid] => 129
                    [parent] => 0
                    [name] => phpMyFAQ
                    [softname] => myfaq
                    [type] => php
                    [category] => customersupport
                )

            [490] => Array
                (
                    [sid] => 490
                    [parent] => 0
                    [name] => SeoToaster
                    [softname] => toaster
                    [type] => php
                    [category] => ecommerce
                )

            [361] => Array
                (
                    [sid] => 361
                    [parent] => 0
                    [name] => HTML Purifier
                    [softname] => purifier
                    [type] => php
                    [category] => frameworks
                )

            [75] => Array
                (
                    [sid] => 75
                    [parent] => 0
                    [name] => VX Guestbook
                    [softname] => vxgb
                    [type] => php
                    [category] => guestbooks
                )

            [438] => Array
                (
                    [sid] => 438
                    [parent] => 0
                    [name] => Bolt
                    [softname] => bolt
                    [type] => php
                    [category] => cms
                )

            [320] => Array
                (
                    [sid] => 320
                    [parent] => 0
                    [name] => Tine 2.0
                    [softname] => tine
                    [type] => php
                    [category] => erp
                )

            [367] => Array
                (
                    [sid] => 367
                    [parent] => 0
                    [name] => Mahara
                    [softname] => mahara
                    [type] => php
                    [category] => cms
                )

            [475] => Array
                (
                    [sid] => 475
                    [parent] => 0
                    [name] => Open eShop
                    [softname] => openeshop
                    [type] => php
                    [category] => ecommerce
                )

            [299] => Array
                (
                    [sid] => 299
                    [parent] => 0
                    [name] => Avactis
                    [softname] => avactis
                    [type] => php
                    [category] => ecommerce
                )

            [410] => Array
                (
                    [sid] => 410
                    [parent] => 0
                    [name] => ShopSite
                    [softname] => shopsite
                    [type] => perl
                    [category] => ecommerce
                )

            [589] => Array
                (
                    [sid] => 589
                    [parent] => 0
                    [name] => FreshRSS
                    [softname] => freshrss
                    [type] => php
                    [category] => rss
                )

            [481] => Array
                (
                    [sid] => 481
                    [parent] => 0
                    [name] => Jamroom
                    [softname] => jamroom
                    [type] => php
                    [category] => cms
                )

            [537] => Array
                (
                    [sid] => 537
                    [parent] => 0
                    [name] => BlaB! AX
                    [softname] => blab
                    [type] => php
                    [category] => others
                )

            [392] => Array
                (
                    [sid] => 392
                    [parent] => 0
                    [name] => Maian Support
                    [softname] => maian
                    [type] => php
                    [category] => customersupport
                )

            [432] => Array
                (
                    [sid] => 432
                    [parent] => 0
                    [name] => FuelPHP
                    [softname] => fuel
                    [type] => php
                    [category] => frameworks
                )

            [520] => Array
                (
                    [sid] => 520
                    [parent] => 0
                    [name] => Kirby
                    [softname] => kirby
                    [type] => php
                    [category] => cms
                )

            [489] => Array
                (
                    [sid] => 489
                    [parent] => 0
                    [name] => Thelia 2
                    [softname] => thelia
                    [type] => php
                    [category] => ecommerce
                )

            [354] => Array
                (
                    [sid] => 354
                    [parent] => 0
                    [name] => Fork
                    [softname] => fork
                    [type] => php
                    [category] => cms
                )

            [306] => Array
                (
                    [sid] => 306
                    [parent] => 0
                    [name] => PivotX
                    [softname] => pivotx
                    [type] => php
                    [category] => blogs
                )

            [578] => Array
                (
                    [sid] => 578
                    [parent] => 0
                    [name] => SOPlanning
                    [softname] => soplanning
                    [type] => php
                    [category] => projectman
                )

            [63] => Array
                (
                    [sid] => 63
                    [parent] => 0
                    [name] => EasyPoll
                    [softname] => easyp
                    [type] => php
                    [category] => polls
                )

            [627] => Array
                (
                    [sid] => 627
                    [parent] => 0
                    [name] => EasyAppointments
                    [softname] => easyapmt
                    [type] => php
                    [category] => others
                )

            [334] => Array
                (
                    [sid] => 334
                    [parent] => 0
                    [name] => Zeuscart
                    [softname] => zeus
                    [type] => php
                    [category] => ecommerce
                )

            [690] => Array
                (
                    [sid] => 690
                    [parent] => 0
                    [name] => WinterCMS
                    [softname] => wintercms
                    [type] => php
                    [category] => cms
                )

            [370] => Array
                (
                    [sid] => 370
                    [parent] => 0
                    [name] => miniBB
                    [softname] => minibb
                    [type] => php
                    [category] => forums
                )

            [610] => Array
                (
                    [sid] => 610
                    [parent] => 0
                    [name] => Carbon Forum
                    [softname] => carbon
                    [type] => php
                    [category] => forums
                )

            [582] => Array
                (
                    [sid] => 582
                    [parent] => 0
                    [name] => Pagekit
                    [softname] => pagekit
                    [type] => php
                    [category] => cms
                )

            [629] => Array
                (
                    [sid] => 629
                    [parent] => 0
                    [name] => ProjeQtOr
                    [softname] => projeqtor
                    [type] => php
                    [category] => projectman
                )

            [282] => Array
                (
                    [sid] => 282
                    [parent] => 0
                    [name] => SQLiteManager
                    [softname] => sqlite
                    [type] => php
                    [category] => dbtools
                )

            [619] => Array
                (
                    [sid] => 619
                    [parent] => 0
                    [name] => ILIAS
                    [softname] => ilias
                    [type] => php
                    [category] => educational
                )

            [162] => Array
                (
                    [sid] => 162
                    [parent] => 0
                    [name] => Dojo
                    [softname] => dojo
                    [type] => js
                    [category] => libraries
                )

            [526] => Array
                (
                    [sid] => 526
                    [parent] => 0
                    [name] => AJAX Chat
                    [softname] => ajaxchat
                    [type] => php
                    [category] => others
                )

            [659] => Array
                (
                    [sid] => 659
                    [parent] => 0
                    [name] => ClassicPress
                    [softname] => classicpress
                    [type] => php
                    [category] => cms
                )

            [478] => Array
                (
                    [sid] => 478
                    [parent] => 0
                    [name] => ClientExec
                    [softname] => clientexec
                    [type] => php
                    [category] => ecommerce
                )

            [362] => Array
                (
                    [sid] => 362
                    [parent] => 0
                    [name] => selfoss
                    [softname] => selfoss
                    [type] => php
                    [category] => rss
                )

            [642] => Array
                (
                    [sid] => 642
                    [parent] => 0
                    [name] => Hubzilla
                    [softname] => hubzilla
                    [type] => php
                    [category] => socialnetworking
                )

            [433] => Array
                (
                    [sid] => 433
                    [parent] => 720
                    [name] => Tiki Wiki CMS Groupware 21
                    [softname] => tiki10
                    [type] => php
                    [category] => cms
                )

            [534] => Array
                (
                    [sid] => 534
                    [parent] => 0
                    [name] => Typesetter
                    [softname] => gpeasy
                    [type] => php
                    [category] => cms
                )

            [393] => Array
                (
                    [sid] => 393
                    [parent] => 0
                    [name] => Logaholic
                    [softname] => logaholic
                    [type] => php
                    [category] => polls
                )

            [575] => Array
                (
                    [sid] => 575
                    [parent] => 0
                    [name] => Kimai
                    [softname] => kimai
                    [type] => php
                    [category] => others
                )

            [631] => Array
                (
                    [sid] => 631
                    [parent] => 0
                    [name] => CSZ CMS
                    [softname] => cszcms
                    [type] => php
                    [category] => cms
                )

            [524] => Array
                (
                    [sid] => 524
                    [parent] => 0
                    [name] => my little forum
                    [softname] => litforum
                    [type] => php
                    [category] => forums
                )

            [599] => Array
                (
                    [sid] => 599
                    [parent] => 0
                    [name] => DomainMOD
                    [softname] => domainmod
                    [type] => php
                    [category] => others
                )

            [630] => Array
                (
                    [sid] => 630
                    [parent] => 0
                    [name] => TidyBB
                    [softname] => layerbb
                    [type] => php
                    [category] => forums
                )

            [673] => Array
                (
                    [sid] => 673
                    [parent] => 0
                    [name] => Backdrop CMS
                    [softname] => backdrop
                    [type] => php
                    [category] => cms
                )

            [512] => Array
                (
                    [sid] => 512
                    [parent] => 0
                    [name] => u-Auctions
                    [softname] => uauctions
                    [type] => php
                    [category] => others
                )

            [77] => Array
                (
                    [sid] => 77
                    [parent] => 0
                    [name] => RicarGBooK
                    [softname] => ricar
                    [type] => php
                    [category] => guestbooks
                )

            [417] => Array
                (
                    [sid] => 417
                    [parent] => 591
                    [name] => PrestaShop 1.4
                    [softname] => presta14
                    [type] => php
                    [category] => ecommerce
                )

            [446] => Array
                (
                    [sid] => 446
                    [parent] => 0
                    [name] => Commentics
                    [softname] => commentics
                    [type] => php
                    [category] => others
                )

            [579] => Array
                (
                    [sid] => 579
                    [parent] => 0
                    [name] => GNU social
                    [softname] => gnu
                    [type] => php
                    [category] => socialnetworking
                )

            [654] => Array
                (
                    [sid] => 654
                    [parent] => 0
                    [name] => Bagisto
                    [softname] => bagisto
                    [type] => php
                    [category] => ecommerce
                )

            [559] => Array
                (
                    [sid] => 559
                    [parent] => 0
                    [name] => ZenTao
                    [softname] => zentao
                    [type] => php
                    [category] => projectman
                )

            [638] => Array
                (
                    [sid] => 638
                    [parent] => 0
                    [name] => Directus
                    [softname] => directus
                    [type] => php
                    [category] => cms
                )

            [584] => Array
                (
                    [sid] => 584
                    [parent] => 0
                    [name] => Sentrifugo
                    [softname] => sentrifugo
                    [type] => php
                    [category] => erp
                )

            [510] => Array
                (
                    [sid] => 510
                    [parent] => 596
                    [name] => Group Office 6.1
                    [softname] => goffice6
                    [type] => php
                    [category] => erp
                )

            [521] => Array
                (
                    [sid] => 521
                    [parent] => 0
                    [name] => Fiyo CMS
                    [softname] => fiyo
                    [type] => php
                    [category] => cms
                )

            [652] => Array
                (
                    [sid] => 652
                    [parent] => 0
                    [name] => FreeScout
                    [softname] => freescout
                    [type] => php
                    [category] => customersupport
                )

            [399] => Array
                (
                    [sid] => 399
                    [parent] => 0
                    [name] => razorCMS
                    [softname] => razor
                    [type] => php
                    [category] => cms
                )

            [566] => Array
                (
                    [sid] => 566
                    [parent] => 0
                    [name] => Logic Invoice
                    [softname] => logic
                    [type] => php
                    [category] => ecommerce
                )

            [655] => Array
                (
                    [sid] => 655
                    [parent] => 0
                    [name] => NukeViet CMS
                    [softname] => nukeviet
                    [type] => php
                    [category] => cms
                )

            [561] => Array
                (
                    [sid] => 561
                    [parent] => 0
                    [name] => Koken
                    [softname] => koken
                    [type] => php
                    [category] => cms
                )

            [568] => Array
                (
                    [sid] => 568
                    [parent] => 0
                    [name] => Zenbership
                    [softname] => zenber
                    [type] => php
                    [category] => erp
                )

            [164] => Array
                (
                    [sid] => 164
                    [parent] => 0
                    [name] => Raphael
                    [softname] => raphael
                    [type] => js
                    [category] => libraries
                )

            [51] => Array
                (
                    [sid] => 51
                    [parent] => 0
                    [name] => phpCollab
                    [softname] => phpcol
                    [type] => php
                    [category] => projectman
                )

            [440] => Array
                (
                    [sid] => 440
                    [parent] => 0
                    [name] => Dada Mail
                    [softname] => dada
                    [type] => perl
                    [category] => mail
                )

            [62] => Array
                (
                    [sid] => 62
                    [parent] => 0
                    [name] => CJ Dynamic Poll
                    [softname] => cjdpoll
                    [type] => php
                    [category] => polls
                )

            [677] => Array
                (
                    [sid] => 677
                    [parent] => 491
                    [name] => Invoice Ninja 4
                    [softname] => ninja4
                    [type] => php
                    [category] => ecommerce
                )

            [467] => Array
                (
                    [sid] => 467
                    [parent] => 0
                    [name] => Webasyst
                    [softname] => webasyst
                    [type] => php
                    [category] => frameworks
                )

            [324] => Array
                (
                    [sid] => 324
                    [parent] => 0
                    [name] => Movable Type
                    [softname] => mt
                    [type] => perl
                    [category] => blogs
                )

            [648] => Array
                (
                    [sid] => 648
                    [parent] => 26
                    [name] => WordPress 5.0
                    [softname] => wp50
                    [type] => php
                    [category] => blogs
                )

            [449] => Array
                (
                    [sid] => 449
                    [parent] => 0
                    [name] => Admidio
                    [softname] => admidio
                    [type] => php
                    [category] => projectman
                )

            [637] => Array
                (
                    [sid] => 637
                    [parent] => 0
                    [name] => Atlantis CMS
                    [softname] => atlantis
                    [type] => php
                    [category] => cms
                )

            [665] => Array
                (
                    [sid] => 665
                    [parent] => 0
                    [name] => Magento
                    [softname] => magento24
                    [type] => php
                    [category] => ecommerce
                )

            [663] => Array
                (
                    [sid] => 663
                    [parent] => 0
                    [name] => UVdesk
                    [softname] => uvdesk
                    [type] => php
                    [category] => customersupport
                )

            [259] => Array
                (
                    [sid] => 259
                    [parent] => 0
                    [name] => SimplePie
                    [softname] => pie
                    [type] => php
                    [category] => rss
                )

            [646] => Array
                (
                    [sid] => 646
                    [parent] => 26
                    [name] => WordPress 4.9
                    [softname] => wp49
                    [type] => php
                    [category] => blogs
                )

            [632] => Array
                (
                    [sid] => 632
                    [parent] => 0
                    [name] => Savsoft Quiz
                    [softname] => savsoft
                    [type] => php
                    [category] => educational
                )

            [453] => Array
                (
                    [sid] => 453
                    [parent] => 0
                    [name] => DHTMLX
                    [softname] => dhtmlx
                    [type] => js
                    [category] => libraries
                )

            [546] => Array
                (
                    [sid] => 546
                    [parent] => 473
                    [name] => Symfony3
                    [softname] => symfony3
                    [type] => php
                    [category] => frameworks
                )

            [544] => Array
                (
                    [sid] => 544
                    [parent] => 603
                    [name] => TYPO3 12
                    [softname] => typo7
                    [type] => php
                    [category] => cms
                )

            [644] => Array
                (
                    [sid] => 644
                    [parent] => 0
                    [name] => IceHrm
                    [softname] => icehrm
                    [type] => php
                    [category] => erp
                )

            [158] => Array
                (
                    [sid] => 158
                    [parent] => 0
                    [name] => MooTools
                    [softname] => mootools
                    [type] => js
                    [category] => libraries
                )

            [391] => Array
                (
                    [sid] => 391
                    [parent] => 0
                    [name] => Pluck
                    [softname] => pluck
                    [type] => php
                    [category] => cms
                )

            [431] => Array
                (
                    [sid] => 431
                    [parent] => 0
                    [name] => phpLiteAdmin
                    [softname] => phplite
                    [type] => php
                    [category] => dbtools
                )

            [635] => Array
                (
                    [sid] => 635
                    [parent] => 0
                    [name] => Leafpub
                    [softname] => leafpub
                    [type] => php
                    [category] => blogs
                )

            [641] => Array
                (
                    [sid] => 641
                    [parent] => 0
                    [name] => Plikli CMS
                    [softname] => plikli
                    [type] => php
                    [category] => cms
                )

            [598] => Array
                (
                    [sid] => 598
                    [parent] => 0
                    [name] => Fusio
                    [softname] => fusio
                    [type] => php
                    [category] => others
                )

            [660] => Array
                (
                    [sid] => 660
                    [parent] => 26
                    [name] => WordPress 5.3
                    [softname] => wp53
                    [type] => php
                    [category] => blogs
                )

            [606] => Array
                (
                    [sid] => 606
                    [parent] => 0
                    [name] => TastyIgniter
                    [softname] => tastyigniter
                    [type] => php
                    [category] => others
                )

            [458] => Array
                (
                    [sid] => 458
                    [parent] => 0
                    [name] => XCloner
                    [softname] => xcloner
                    [type] => php
                    [category] => others
                )

            [443] => Array
                (
                    [sid] => 443
                    [parent] => 0
                    [name] => Croogo
                    [softname] => croogo
                    [type] => php
                    [category] => cms
                )

            [716] => Array
                (
                    [sid] => 716
                    [parent] => 0
                    [name] => MediaWiki
                    [softname] => mw14
                    [type] => php
                    [category] => wikis
                )

            [353] => Array
                (
                    [sid] => 353
                    [parent] => 0
                    [name] => Modernizr
                    [softname] => modernizr
                    [type] => js
                    [category] => libraries
                )

            [523] => Array
                (
                    [sid] => 523
                    [parent] => 0
                    [name] => Cotonti
                    [softname] => cotonti
                    [type] => php
                    [category] => cms
                )

            [650] => Array
                (
                    [sid] => 650
                    [parent] => 26
                    [name] => WordPress 5.1
                    [softname] => wp51
                    [type] => php
                    [category] => blogs
                )

            [539] => Array
                (
                    [sid] => 539
                    [parent] => 0
                    [name] => Postfix Admin
                    [softname] => postfix
                    [type] => php
                    [category] => mail
                )

            [656] => Array
                (
                    [sid] => 656
                    [parent] => 26
                    [name] => WordPress 5.2
                    [softname] => wp52
                    [type] => php
                    [category] => blogs
                )

            [396] => Array
                (
                    [sid] => 396
                    [parent] => 0
                    [name] => openSIS
                    [softname] => opensis
                    [type] => php
                    [category] => educational
                )

            [666] => Array
                (
                    [sid] => 666
                    [parent] => 26
                    [name] => WordPress 5.4
                    [softname] => wp54
                    [type] => php
                    [category] => blogs
                )

            [519] => Array
                (
                    [sid] => 519
                    [parent] => 0
                    [name] => Zenario
                    [softname] => zenario
                    [type] => php
                    [category] => cms
                )

            [645] => Array
                (
                    [sid] => 645
                    [parent] => 0
                    [name] => WhatACart
                    [softname] => wacart
                    [type] => php
                    [category] => ecommerce
                )

            [691] => Array
                (
                    [sid] => 691
                    [parent] => 714
                    [name] => Elgg 3
                    [softname] => elgg33
                    [type] => php
                    [category] => socialnetworking
                )

            [352] => Array
                (
                    [sid] => 352
                    [parent] => 0
                    [name] => php.JS
                    [softname] => phpjs
                    [type] => js
                    [category] => libraries
                )

            [457] => Array
                (
                    [sid] => 457
                    [parent] => 0
                    [name] => HelpDEZk
                    [softname] => helpdezk
                    [type] => php
                    [category] => customersupport
                )

            [667] => Array
                (
                    [sid] => 667
                    [parent] => 0
                    [name] => Omeka S
                    [softname] => omekas
                    [type] => php
                    [category] => others
                )

            [551] => Array
                (
                    [sid] => 551
                    [parent] => 0
                    [name] => WebCollab
                    [softname] => webcollab
                    [type] => php
                    [category] => projectman
                )

            [738] => Array
                (
                    [sid] => 738
                    [parent] => 0
                    [name] => InstantCMS
                    [softname] => instantcms
                    [type] => php
                    [category] => cms
                )

            [221] => Array
                (
                    [sid] => 221
                    [parent] => 0
                    [name] => PRADO
                    [softname] => prado
                    [type] => php
                    [category] => frameworks
                )

            [633] => Array
                (
                    [sid] => 633
                    [parent] => 0
                    [name] => LEPTON
                    [softname] => lepton
                    [type] => php
                    [category] => cms
                )

            [365] => Array
                (
                    [sid] => 365
                    [parent] => 0
                    [name] => Hotaru CMS
                    [softname] => hotaru
                    [type] => php
                    [category] => cms
                )

            [465] => Array
                (
                    [sid] => 465
                    [parent] => 665
                    [name] => Magento 1.7
                    [softname] => magento17
                    [type] => php
                    [category] => ecommerce
                )

            [472] => Array
                (
                    [sid] => 472
                    [parent] => 0
                    [name] => Anchor
                    [softname] => anchor
                    [type] => php
                    [category] => cms
                )

            [602] => Array
                (
                    [sid] => 602
                    [parent] => 0
                    [name] => LibreHealth EHR
                    [softname] => libre
                    [type] => php
                    [category] => others
                )

            [651] => Array
                (
                    [sid] => 651
                    [parent] => 0
                    [name] => Attendize
                    [softname] => attendize
                    [type] => php
                    [category] => customersupport
                )

            [174] => Array
                (
                    [sid] => 174
                    [parent] => 593
                    [name] => Concrete CMS 5.7
                    [softname] => conc
                    [type] => php
                    [category] => cms
                )

            [284] => Array
                (
                    [sid] => 284
                    [parent] => 0
                    [name] => Traq
                    [softname] => traq
                    [type] => php
                    [category] => projectman
                )

            [283] => Array
                (
                    [sid] => 283
                    [parent] => 0
                    [name] => Hablator
                    [softname] => hablator
                    [type] => php
                    [category] => others
                )

            [590] => Array
                (
                    [sid] => 590
                    [parent] => 0
                    [name] => TangoBB
                    [softname] => tangobb
                    [type] => php
                    [category] => forums
                )

            [634] => Array
                (
                    [sid] => 634
                    [parent] => 0
                    [name] => net2ftp
                    [softname] => net2ftp
                    [type] => php
                    [category] => files
                )

            [569] => Array
                (
                    [sid] => 569
                    [parent] => 720
                    [name] => Tiki Wiki CMS Groupware 15
                    [softname] => tiki15
                    [type] => php
                    [category] => cms
                )

            [615] => Array
                (
                    [sid] => 615
                    [parent] => 0
                    [name] => HuMo-genealogy
                    [softname] => humogen
                    [type] => php
                    [category] => others
                )

            [444] => Array
                (
                    [sid] => 444
                    [parent] => 0
                    [name] => Little Software Stats
                    [softname] => lss
                    [type] => php
                    [category] => polls
                )

            [422] => Array
                (
                    [sid] => 422
                    [parent] => 0
                    [name] => Jenkins
                    [softname] => jenkins
                    [type] => java
                    [category] => projectman
                )

            [502] => Array
                (
                    [sid] => 502
                    [parent] => 0
                    [name] => CMSimple
                    [softname] => cmsimple
                    [type] => php
                    [category] => cms
                )

            [394] => Array
                (
                    [sid] => 394
                    [parent] => 0
                    [name] => Eventum
                    [softname] => eventum
                    [type] => php
                    [category] => projectman
                )

            [270] => Array
                (
                    [sid] => 270
                    [parent] => 0
                    [name] => phpDocumentor
                    [softname] => documentor
                    [type] => php
                    [category] => others
                )

            [513] => Array
                (
                    [sid] => 513
                    [parent] => 0
                    [name] => Beehive
                    [softname] => beehive
                    [type] => php
                    [category] => forums
                )

            [485] => Array
                (
                    [sid] => 485
                    [parent] => 542
                    [name] => Moodle 3.6
                    [softname] => moodle27
                    [type] => php
                    [category] => educational
                )

            [687] => Array
                (
                    [sid] => 687
                    [parent] => 0
                    [name] => QloApps
                    [softname] => qloapps
                    [type] => php
                    [category] => ecommerce
                )

            [555] => Array
                (
                    [sid] => 555
                    [parent] => 0
                    [name] => Bugs
                    [softname] => bugs
                    [type] => php
                    [category] => projectman
                )

            [165] => Array
                (
                    [sid] => 165
                    [parent] => 0
                    [name] => Sizzle
                    [softname] => sizzle
                    [type] => js
                    [category] => libraries
                )

            [383] => Array
                (
                    [sid] => 383
                    [parent] => 13
                    [name] => Gallery 2
                    [softname] => gallery2
                    [type] => php
                    [category] => galleries
                )

            [576] => Array
                (
                    [sid] => 576
                    [parent] => 0
                    [name] => Unclassified NewsBoard
                    [softname] => unb
                    [type] => php
                    [category] => forums
                )

            [685] => Array
                (
                    [sid] => 685
                    [parent] => 0
                    [name] => Flatboard
                    [softname] => flatboard
                    [type] => php
                    [category] => forums
                )

            [535] => Array
                (
                    [sid] => 535
                    [parent] => 0
                    [name] => Manage Your Team
                    [softname] => myt
                    [type] => php
                    [category] => projectman
                )

            [486] => Array
                (
                    [sid] => 486
                    [parent] => 665
                    [name] => Magento 2.2
                    [softname] => magento18
                    [type] => php
                    [category] => ecommerce
                )

            [540] => Array
                (
                    [sid] => 540
                    [parent] => 0
                    [name] => Open Monograph Press
                    [softname] => omp
                    [type] => php
                    [category] => others
                )

            [672] => Array
                (
                    [sid] => 672
                    [parent] => 26
                    [name] => WordPress 5.5
                    [softname] => wp55
                    [type] => php
                    [category] => blogs
                )

            [327] => Array
                (
                    [sid] => 327
                    [parent] => 0
                    [name] => Vty
                    [softname] => vty
                    [type] => php
                    [category] => dbtools
                )

            [529] => Array
                (
                    [sid] => 529
                    [parent] => 0
                    [name] => PEEL SHOPPING
                    [softname] => peel
                    [type] => php
                    [category] => ecommerce
                )

            [528] => Array
                (
                    [sid] => 528
                    [parent] => 0
                    [name] => PHP Address Book
                    [softname] => phpaddr
                    [type] => php
                    [category] => guestbooks
                )

            [678] => Array
                (
                    [sid] => 678
                    [parent] => 26
                    [name] => WordPress 5.6
                    [softname] => wp56
                    [type] => php
                    [category] => blogs
                )

            [597] => Array
                (
                    [sid] => 597
                    [parent] => 0
                    [name] => SCHLIX CMS
                    [softname] => schlix
                    [type] => php
                    [category] => cms
                )

            [625] => Array
                (
                    [sid] => 625
                    [parent] => 0
                    [name] => Handesk
                    [softname] => handesk
                    [type] => php
                    [category] => customersupport
                )

            [138] => Array
                (
                    [sid] => 138
                    [parent] => 714
                    [name] => Elgg 1
                    [softname] => elgg
                    [type] => php
                    [category] => socialnetworking
                )

            [725] => Array
                (
                    [sid] => 725
                    [parent] => 0
                    [name] => Castopod
                    [softname] => castopod
                    [type] => php
                    [category] => music
                )

            [608] => Array
                (
                    [sid] => 608
                    [parent] => 0
                    [name] => Miniflux
                    [softname] => miniflux
                    [type] => php
                    [category] => rss
                )

            [160] => Array
                (
                    [sid] => 160
                    [parent] => 0
                    [name] => Prototype
                    [softname] => prototype
                    [type] => js
                    [category] => libraries
                )

            [714] => Array
                (
                    [sid] => 714
                    [parent] => 0
                    [name] => Elgg
                    [softname] => elgg4
                    [type] => php
                    [category] => socialnetworking
                )

            [346] => Array
                (
                    [sid] => 346
                    [parent] => 0
                    [name] => jqPlot
                    [softname] => jqplot
                    [type] => js
                    [category] => libraries
                )

            [350] => Array
                (
                    [sid] => 350
                    [parent] => 0
                    [name] => jsMorph
                    [softname] => morph
                    [type] => js
                    [category] => libraries
                )

            [424] => Array
                (
                    [sid] => 424
                    [parent] => 0
                    [name] => Plandora
                    [softname] => plandora
                    [type] => java
                    [category] => projectman
                )

            [498] => Array
                (
                    [sid] => 498
                    [parent] => 593
                    [name] => Concrete CMS 5.6
                    [softname] => conc56
                    [type] => php
                    [category] => cms
                )

            [506] => Array
                (
                    [sid] => 506
                    [parent] => 0
                    [name] => XMS
                    [softname] => xms
                    [type] => php
                    [category] => others
                )

            [461] => Array
                (
                    [sid] => 461
                    [parent] => 0
                    [name] => Maian Cart
                    [softname] => maiancart
                    [type] => php
                    [category] => ecommerce
                )

            [530] => Array
                (
                    [sid] => 530
                    [parent] => 0
                    [name] => appRain
                    [softname] => apprain
                    [type] => php
                    [category] => cms
                )

            [531] => Array
                (
                    [sid] => 531
                    [parent] => 0
                    [name] => ClipperCMS
                    [softname] => clipper
                    [type] => php
                    [category] => cms
                )

            [617] => Array
                (
                    [sid] => 617
                    [parent] => 0
                    [name] => GeniXCMS
                    [softname] => genix
                    [type] => php
                    [category] => cms
                )

            [710] => Array
                (
                    [sid] => 710
                    [parent] => 591
                    [name] => PrestaShop 1.7
                    [softname] => presta178
                    [type] => php
                    [category] => ecommerce
                )

            [721] => Array
                (
                    [sid] => 721
                    [parent] => 413
                    [name] => Joomla 4
                    [softname] => joomla4
                    [type] => php
                    [category] => cms
                )

            [336] => Array
                (
                    [sid] => 336
                    [parent] => 0
                    [name] => Saurus
                    [softname] => saurus
                    [type] => php
                    [category] => cms
                )

            [347] => Array
                (
                    [sid] => 347
                    [parent] => 0
                    [name] => PHPlot
                    [softname] => phplot
                    [type] => js
                    [category] => libraries
                )

            [585] => Array
                (
                    [sid] => 585
                    [parent] => 0
                    [name] => Jorani
                    [softname] => jorani
                    [type] => php
                    [category] => erp
                )

            [554] => Array
                (
                    [sid] => 554
                    [parent] => 0
                    [name] => Precurio
                    [softname] => precurio
                    [type] => php
                    [category] => cms
                )

            [609] => Array
                (
                    [sid] => 609
                    [parent] => 0
                    [name] => Unmark
                    [softname] => unmark
                    [type] => php
                    [category] => others
                )

            [248] => Array
                (
                    [sid] => 248
                    [parent] => 0
                    [name] => PaintbrushJS
                    [softname] => paintbrushjs
                    [type] => js
                    [category] => libraries
                )

            [548] => Array
                (
                    [sid] => 548
                    [parent] => 0
                    [name] => TestLink
                    [softname] => testlink
                    [type] => php
                    [category] => projectman
                )

            [159] => Array
                (
                    [sid] => 159
                    [parent] => 0
                    [name] => YUI
                    [softname] => yui
                    [type] => js
                    [category] => libraries
                )

            [700] => Array
                (
                    [sid] => 700
                    [parent] => 419
                    [name] => Laravel 10
                    [softname] => laravel8
                    [type] => php
                    [category] => frameworks
                )

            [669] => Array
                (
                    [sid] => 669
                    [parent] => 0
                    [name] => Open Preprint Systems
                    [softname] => ops
                    [type] => php
                    [category] => others
                )

            [670] => Array
                (
                    [sid] => 670
                    [parent] => 542
                    [name] => Moodle 3.9
                    [softname] => moodle39
                    [type] => php
                    [category] => educational
                )

            [558] => Array
                (
                    [sid] => 558
                    [parent] => 0
                    [name] => DropzoneJs
                    [softname] => dropzone
                    [type] => js
                    [category] => libraries
                )

            [694] => Array
                (
                    [sid] => 694
                    [parent] => 26
                    [name] => WordPress 5.8
                    [softname] => wp58
                    [type] => php
                    [category] => blogs
                )

            [423] => Array
                (
                    [sid] => 423
                    [parent] => 0
                    [name] => jforum
                    [softname] => jforum
                    [type] => java
                    [category] => forums
                )

            [427] => Array
                (
                    [sid] => 427
                    [parent] => 0
                    [name] => LESS
                    [softname] => less
                    [type] => js
                    [category] => libraries
                )

            [533] => Array
                (
                    [sid] => 533
                    [parent] => 0
                    [name] => Burden
                    [softname] => burden
                    [type] => php
                    [category] => projectman
                )

            [649] => Array
                (
                    [sid] => 649
                    [parent] => 714
                    [name] => Elgg 6
                    [softname] => elgg3
                    [type] => php
                    [category] => socialnetworking
                )

            [720] => Array
                (
                    [sid] => 720
                    [parent] => 0
                    [name] => Tiki Wiki CMS Groupware
                    [softname] => tiki24
                    [type] => php
                    [category] => cms
                )

            [735] => Array
                (
                    [sid] => 735
                    [parent] => 0
                    [name] => ZwiiCMS
                    [softname] => zwiicms
                    [type] => php
                    [category] => cms
                )

            [349] => Array
                (
                    [sid] => 349
                    [parent] => 0
                    [name] => Elycharts
                    [softname] => ely
                    [type] => js
                    [category] => libraries
                )

            [385] => Array
                (
                    [sid] => 385
                    [parent] => 0
                    [name] => MeshCMS
                    [softname] => meshcms
                    [type] => java
                    [category] => cms
                )

            [577] => Array
                (
                    [sid] => 577
                    [parent] => 0
                    [name] => Reader Self
                    [softname] => readerself
                    [type] => php
                    [category] => rss
                )

            [583] => Array
                (
                    [sid] => 583
                    [parent] => 0
                    [name] => SuperCali
                    [softname] => supercali
                    [type] => php
                    [category] => calendars
                )

            [348] => Array
                (
                    [sid] => 348
                    [parent] => 0
                    [name] => JSZip
                    [softname] => jszip
                    [type] => js
                    [category] => libraries
                )

            [592] => Array
                (
                    [sid] => 592
                    [parent] => 716
                    [name] => MediaWiki 1.31
                    [softname] => mw28
                    [type] => php
                    [category] => wikis
                )

            [683] => Array
                (
                    [sid] => 683
                    [parent] => 279
                    [name] => phpMyAdmin 4.9
                    [softname] => myadmin49
                    [type] => php
                    [category] => dbtools
                )

            [639] => Array
                (
                    [sid] => 639
                    [parent] => 0
                    [name] => Framadate
                    [softname] => framadate
                    [type] => php
                    [category] => polls
                )

            [702] => Array
                (
                    [sid] => 702
                    [parent] => 26
                    [name] => WordPress 5.9
                    [softname] => wp59
                    [type] => php
                    [category] => blogs
                )

            [662] => Array
                (
                    [sid] => 662
                    [parent] => 543
                    [name] => Drupal Core 8
                    [softname] => drupal89
                    [type] => php
                    [category] => cms
                )

            [684] => Array
                (
                    [sid] => 684
                    [parent] => 26
                    [name] => WordPress 5.7
                    [softname] => wp57
                    [type] => php
                    [category] => blogs
                )

            [707] => Array
                (
                    [sid] => 707
                    [parent] => 543
                    [name] => Drupal Core 9
                    [softname] => drupal9
                    [type] => php
                    [category] => cms
                )

            [704] => Array
                (
                    [sid] => 704
                    [parent] => 26
                    [name] => WordPress 6.0
                    [softname] => wp60
                    [type] => php
                    [category] => blogs
                )

            [711] => Array
                (
                    [sid] => 711
                    [parent] => 26
                    [name] => WordPress 6.1
                    [softname] => wp61
                    [type] => php
                    [category] => blogs
                )

            [724] => Array
                (
                    [sid] => 724
                    [parent] => 596
                    [name] => Group Office 6.7
                    [softname] => goffice67
                    [type] => php
                    [category] => erp
                )

            [742] => Array
                (
                    [sid] => 742
                    [parent] => 0
                    [name] => Event Schedule
                    [softname] => eventsch
                    [type] => php
                    [category] => calendars
                )

            [567] => Array
                (
                    [sid] => 567
                    [parent] => 0
                    [name] => Wolf CMS
                    [softname] => wolf
                    [type] => php
                    [category] => cms
                )

            [611] => Array
                (
                    [sid] => 611
                    [parent] => 703
                    [name] => OpenCart 2
                    [softname] => ocart23
                    [type] => php
                    [category] => ecommerce
                )

            [736] => Array
                (
                    [sid] => 736
                    [parent] => 0
                    [name] => Krayin CRM
                    [softname] => krayin
                    [type] => php
                    [category] => erp
                )

            [664] => Array
                (
                    [sid] => 664
                    [parent] => 0
                    [name] => SofaWiki
                    [softname] => sofawiki
                    [type] => php
                    [category] => cms
                )

            [493] => Array
                (
                    [sid] => 493
                    [parent] => 0
                    [name] => Trac
                    [softname] => trac
                    [type] => python
                    [category] => projectman
                )

            [682] => Array
                (
                    [sid] => 682
                    [parent] => 716
                    [name] => MediaWiki 1.35
                    [softname] => mw35
                    [type] => php
                    [category] => wikis
                )

            [680] => Array
                (
                    [sid] => 680
                    [parent] => 144
                    [name] => WHMCS 8.1
                    [softname] => whmcs81
                    [type] => php
                    [category] => ecommerce
                )

            [668] => Array
                (
                    [sid] => 668
                    [parent] => 542
                    [name] => Moodle 3.8
                    [softname] => moodle38
                    [type] => php
                    [category] => educational
                )

            [671] => Array
                (
                    [sid] => 671
                    [parent] => 83
                    [name] => osTicket 1.14
                    [softname] => ostic14
                    [type] => php
                    [category] => customersupport
                )

            [675] => Array
                (
                    [sid] => 675
                    [parent] => 463
                    [name] => Blesta 4
                    [softname] => blesta4
                    [type] => php
                    [category] => ecommerce
                )

            [701] => Array
                (
                    [sid] => 701
                    [parent] => 60
                    [name] => LimeSurvey 3
                    [softname] => lime3
                    [type] => php
                    [category] => polls
                )

            [692] => Array
                (
                    [sid] => 692
                    [parent] => 144
                    [name] => WHMCS 8.2
                    [softname] => whmcs82
                    [type] => php
                    [category] => ecommerce
                )

            [688] => Array
                (
                    [sid] => 688
                    [parent] => 665
                    [name] => Magento 2.4.2
                    [softname] => magento242
                    [type] => php
                    [category] => ecommerce
                )

            [699] => Array
                (
                    [sid] => 699
                    [parent] => 542
                    [name] => Moodle 3.11
                    [softname] => moodle311
                    [type] => php
                    [category] => educational
                )

            [674] => Array
                (
                    [sid] => 674
                    [parent] => 227
                    [name] => Vtiger 7.3
                    [softname] => vtiger72
                    [type] => php
                    [category] => erp
                )

            [696] => Array
                (
                    [sid] => 696
                    [parent] => 144
                    [name] => WHMCS 8.3
                    [softname] => whmcs83
                    [type] => php
                    [category] => ecommerce
                )

            [693] => Array
                (
                    [sid] => 693
                    [parent] => 593
                    [name] => Concrete CMS 8.5
                    [softname] => conc85
                    [type] => php
                    [category] => cms
                )

            [429] => Array
                (
                    [sid] => 429
                    [parent] => 0
                    [name] => Pebble
                    [softname] => pebble
                    [type] => java
                    [category] => blogs
                )

            [698] => Array
                (
                    [sid] => 698
                    [parent] => 79
                    [name] => SMF 2.0
                    [softname] => smf20
                    [type] => php
                    [category] => forums
                )

            [484] => Array
                (
                    [sid] => 484
                    [parent] => 0
                    [name] => Apache Roller
                    [softname] => roller
                    [type] => java
                    [category] => blogs
                )

            [676] => Array
                (
                    [sid] => 676
                    [parent] => 720
                    [name] => Tiki Wiki CMS Groupware 28
                    [softname] => tiki22
                    [type] => php
                    [category] => cms
                )

            [731] => Array
                (
                    [sid] => 731
                    [parent] => 26
                    [name] => WordPress 6.5
                    [softname] => wp65
                    [type] => php
                    [category] => blogs
                )

            [715] => Array
                (
                    [sid] => 715
                    [parent] => 83
                    [name] => osTicket 1.17
                    [softname] => ostic17
                    [type] => php
                    [category] => customersupport
                )

            [689] => Array
                (
                    [sid] => 689
                    [parent] => 413
                    [name] => Joomla 3.10
                    [softname] => joomla310
                    [type] => php
                    [category] => cms
                )

            [613] => Array
                (
                    [sid] => 613
                    [parent] => 1
                    [name] => Zikula 1.5
                    [softname] => zikula15
                    [type] => php
                    [category] => cms
                )

            [657] => Array
                (
                    [sid] => 657
                    [parent] => 83
                    [name] => osTicket 1.12
                    [softname] => ostic2
                    [type] => php
                    [category] => customersupport
                )

            [681] => Array
                (
                    [sid] => 681
                    [parent] => 542
                    [name] => Moodle 3.10
                    [softname] => moodle310
                    [type] => php
                    [category] => educational
                )

            [722] => Array
                (
                    [sid] => 722
                    [parent] => 26
                    [name] => WordPress 6.3
                    [softname] => wp63
                    [type] => php
                    [category] => blogs
                )

            [718] => Array
                (
                    [sid] => 718
                    [parent] => 26
                    [name] => WordPress 6.2
                    [softname] => wp62
                    [type] => php
                    [category] => blogs
                )

            [709] => Array
                (
                    [sid] => 709
                    [parent] => 665
                    [name] => Magento 2.4.1
                    [softname] => magento241
                    [type] => php
                    [category] => ecommerce
                )

            [732] => Array
                (
                    [sid] => 732
                    [parent] => 665
                    [name] => Magento 2.4.6
                    [softname] => magento246
                    [type] => php
                    [category] => ecommerce
                )

            [717] => Array
                (
                    [sid] => 717
                    [parent] => 543
                    [name] => Drupal Core 10
                    [softname] => drupal10
                    [type] => php
                    [category] => cms
                )

            [712] => Array
                (
                    [sid] => 712
                    [parent] => 60
                    [name] => LimeSurvey 5
                    [softname] => lime5
                    [type] => php
                    [category] => polls
                )

            [706] => Array
                (
                    [sid] => 706
                    [parent] => 542
                    [name] => Moodle 4.0
                    [softname] => moodle40
                    [type] => php
                    [category] => educational
                )

            [713] => Array
                (
                    [sid] => 713
                    [parent] => 542
                    [name] => Moodle 4.1
                    [softname] => moodle41
                    [type] => php
                    [category] => educational
                )

            [734] => Array
                (
                    [sid] => 734
                    [parent] => 26
                    [name] => WordPress 6.6
                    [softname] => wp66
                    [type] => php
                    [category] => blogs
                )

            [723] => Array
                (
                    [sid] => 723
                    [parent] => 492
                    [name] => SuiteCRM 7
                    [softname] => suitecrm7
                    [type] => php
                    [category] => erp
                )

            [726] => Array
                (
                    [sid] => 726
                    [parent] => 26
                    [name] => WordPress 6.4
                    [softname] => wp64
                    [type] => php
                    [category] => blogs
                )

            [727] => Array
                (
                    [sid] => 727
                    [parent] => 144
                    [name] => WHMCS 8.9
                    [softname] => whmcs89
                    [type] => php
                    [category] => ecommerce
                )

            [730] => Array
                (
                    [sid] => 730
                    [parent] => 314
                    [name] => Open Journal Systems 3.3
                    [softname] => ojs33
                    [type] => php
                    [category] => others
                )

            [743] => Array
                (
                    [sid] => 743
                    [parent] => 591
                    [name] => PrestaShop 8
                    [softname] => presta8
                    [type] => php
                    [category] => ecommerce
                )

            [729] => Array
                (
                    [sid] => 729
                    [parent] => 542
                    [name] => Moodle 4.2
                    [softname] => moodle42
                    [type] => php
                    [category] => educational
                )

            [733] => Array
                (
                    [sid] => 733
                    [parent] => 542
                    [name] => Moodle 4.4
                    [softname] => moodle44
                    [type] => php
                    [category] => educational
                )

            [728] => Array
                (
                    [sid] => 728
                    [parent] => 542
                    [name] => Moodle 4.3
                    [softname] => moodle43
                    [type] => php
                    [category] => educational
                )

            [739] => Array
                (
                    [sid] => 739
                    [parent] => 26
                    [name] => WordPress 6.7
                    [softname] => wp67
                    [type] => php
                    [category] => blogs
                )

            [740] => Array
                (
                    [sid] => 740
                    [parent] => 542
                    [name] => Moodle 4.5
                    [softname] => moodle45
                    [type] => php
                    [category] => educational
                )

            [741] => Array
                (
                    [sid] => 741
                    [parent] => 665
                    [name] => Magento 2.4.7
                    [softname] => magento247
                    [type] => php
                    [category] => ecommerce
                )

        )

    [iscripts] => Array
        (
            [72] => 72
            [79] => 79
            [13] => 13
            [11] => 11
            [39] => 39
            [83] => 83
            [8] => 8
            [82] => 82
            [55] => 55
            [24] => 24
            [4] => 4
            [1] => 1
            [3] => 3
            [34] => 34
            [20] => 20
            [86] => 86
            [101] => 101
            [19] => 19
            [58] => 58
            [514] => 514
            [38] => 38
            [99] => 99
            [113] => 113
            [29] => 29
            [49] => 49
            [98] => 98
            [43] => 43
            [64] => 64
            [80] => 80
            [102] => 102
            [75] => 75
            [77] => 77
            [671] => 671
            [698] => 698
            [715] => 715
            [657] => 657
        )

    [ajax_user] => 
    [new_keys] => 
    [loop_device] => Array
        (
            [0] => /dev/loop0
        )

    [load_balancer] => 
    [firewall_plans] => Array
        (
        )

    [webuzo_done] => Array
        (
            [allowed_scripts] => 
            [webuzo_apps] => Array
                (
                )

            [isfree] => 1
        )

    [timenow] => 1755433628
    [time_taken] => 0.329
)


